Type,Amount,Date,Time,AM/PM,Description,Plaza,Bridge,Lane,Direction,Transponder,Plate,
Discount,$1.11,5/31/2022,6:52:54,PM,BridgeClubDiscount,,,,,,,
Discount,$1.11,5/31/2022,9:00:16,AM,BridgeClubDiscount,,,,,,,
Discount,$1.11,5/27/2022,6:02:12,PM,BridgeClubDiscount,,,,,,,
Discount,$1.11,5/27/2022,6:02:12,PM,BridgeClubDiscount,,,,,,,
Discount,$1.11,5/27/2022,6:02:12,PM,BridgeClubDiscount,,,,,,,
Discount,$1.11,5/27/2022,6:02:12,PM,BridgeClubDiscount,,,,,,,
Discount,$1.11,5/27/2022,6:02:12,PM,BridgeClubDiscount,,,,,,,
Discount,$1.11,5/27/2022,6:02:12,PM,BridgeClubDiscount,,,,,,,
Discount,$1.11,5/27/2022,6:02:12,PM,BridgeClubDiscount,,,,,,,
Discount,$1.11,5/27/2022,6:02:12,PM,BridgeClubDiscount,,,,,,,
Discount,$1.11,5/27/2022,6:02:12,PM,BridgeClubDiscount,,,,,,,
Discount,$1.11,5/27/2022,6:02:12,PM,BridgeClubDiscount,,,,,,,
Discount,$1.11,5/27/2022,6:02:12,PM,BridgeClubDiscount,,,,,,,
Discount,$1.11,5/27/2022,6:02:12,PM,BridgeClubDiscount,,,,,,,
Discount,$1.11,5/27/2022,6:02:12,PM,BridgeClubDiscount,,,,,,,
Discount,$1.11,5/27/2022,6:02:12,PM,BridgeClubDiscount,,,,,,,
Discount,$1.11,5/27/2022,6:02:12,PM,BridgeClubDiscount,,,,,,,
Discount,$1.11,5/27/2022,6:02:12,PM,BridgeClubDiscount,,,,,,,
Discount,$1.11,5/27/2022,6:02:12,PM,BridgeClubDiscount,,,,,,,
Discount,$1.11,5/27/2022,6:02:12,PM,BridgeClubDiscount,,,,,,,
Discount,$1.11,5/27/2022,6:02:12,PM,BridgeClubDiscount,,,,,,,
Discount,$1.11,5/27/2022,6:02:12,PM,BridgeClubDiscount,,,,,,,
Discount,$1.11,5/27/2022,6:02:12,PM,BridgeClubDiscount,,,,,,,
Discount,$1.11,5/27/2022,6:02:12,PM,BridgeClubDiscount,,,,,,,
Discount,$1.11,5/27/2022,6:02:12,PM,BridgeClubDiscount,,,,,,,
Discount,$1.11,5/27/2022,6:02:12,PM,BridgeClubDiscount,,,,,,,
Discount,$1.11,5/27/2022,6:02:12,PM,BridgeClubDiscount,,,,,,,
Discount,$1.11,5/27/2022,6:02:12,PM,BridgeClubDiscount,,,,,,,
Discount,$1.11,5/27/2022,6:02:12,PM,BridgeClubDiscount,,,,,,,
Discount,$1.11,5/27/2022,6:02:12,PM,BridgeClubDiscount,,,,,,,
Discount,$1.11,5/27/2022,6:02:12,PM,BridgeClubDiscount,,,,,,,
Discount,$1.11,5/27/2022,6:02:12,PM,BridgeClubDiscount,,,,,,,
Discount,$1.11,5/27/2022,6:02:12,PM,BridgeClubDiscount,,,,,,,
Discount,$1.11,5/27/2022,6:02:12,PM,BridgeClubDiscount,,,,,,,
Discount,$1.11,5/27/2022,6:02:12,PM,BridgeClubDiscount,,,,,,,
Discount,$1.11,5/27/2022,6:02:12,PM,BridgeClubDiscount,,,,,,,
Discount,$1.11,5/27/2022,6:02:12,PM,BridgeClubDiscount,,,,,,,
Discount,$1.11,5/27/2022,6:02:12,PM,BridgeClubDiscount,,,,,,,
Discount,$1.11,5/27/2022,6:02:12,PM,BridgeClubDiscount,,,,,,,
Discount,$1.11,5/27/2022,6:02:12,PM,BridgeClubDiscount,,,,,,,
Discount,$1.11,5/27/2022,6:02:12,PM,BridgeClubDiscount,,,,,,,
Discount,$1.11,5/27/2022,6:02:12,PM,BridgeClubDiscount,,,,,,,
Discount,$1.11,4/29/2022,5:52:15,PM,BridgeClubDiscount,,,,,,,
Discount,$1.11,4/29/2022,8:55:20,AM,BridgeClubDiscount,,,,,,,
Discount,$1.11,4/28/2022,6:31:44,PM,BridgeClubDiscount,,,,,,,
Discount,$1.11,4/28/2022,8:41:43,AM,BridgeClubDiscount,,,,,,,
Discount,$1.11,4/27/2022,6:21:20,PM,BridgeClubDiscount,,,,,,,
Discount,$1.11,4/27/2022,6:21:20,PM,BridgeClubDiscount,,,,,,,
Discount,$1.11,4/27/2022,6:21:20,PM,BridgeClubDiscount,,,,,,,
Discount,$1.11,4/27/2022,6:21:20,PM,BridgeClubDiscount,,,,,,,
Discount,$1.11,4/27/2022,6:21:20,PM,BridgeClubDiscount,,,,,,,
Discount,$1.11,4/27/2022,6:21:20,PM,BridgeClubDiscount,,,,,,,
Discount,$1.11,4/27/2022,6:21:20,PM,BridgeClubDiscount,,,,,,,
Discount,$1.11,4/27/2022,6:21:20,PM,BridgeClubDiscount,,,,,,,
Discount,$1.11,4/27/2022,6:21:20,PM,BridgeClubDiscount,,,,,,,
Discount,$1.11,4/27/2022,6:21:20,PM,BridgeClubDiscount,,,,,,,
Discount,$1.11,4/27/2022,6:21:20,PM,BridgeClubDiscount,,,,,,,
Discount,$1.11,4/27/2022,6:21:20,PM,BridgeClubDiscount,,,,,,,
Discount,$1.11,4/27/2022,6:21:20,PM,BridgeClubDiscount,,,,,,,
Discount,$1.11,4/27/2022,6:21:20,PM,BridgeClubDiscount,,,,,,,
Discount,$1.11,4/27/2022,6:21:20,PM,BridgeClubDiscount,,,,,,,
Discount,$1.11,4/27/2022,6:21:20,PM,BridgeClubDiscount,,,,,,,
Discount,$1.11,4/27/2022,6:21:20,PM,BridgeClubDiscount,,,,,,,
Discount,$1.11,4/27/2022,6:21:20,PM,BridgeClubDiscount,,,,,,,
Discount,$1.11,4/27/2022,6:21:20,PM,BridgeClubDiscount,,,,,,,
Discount,$1.11,4/27/2022,6:21:20,PM,BridgeClubDiscount,,,,,,,
Discount,$1.11,4/27/2022,6:21:20,PM,BridgeClubDiscount,,,,,,,
Discount,$1.11,4/27/2022,6:21:20,PM,BridgeClubDiscount,,,,,,,
Discount,$1.11,4/27/2022,6:21:20,PM,BridgeClubDiscount,,,,,,,
Discount,$1.11,4/27/2022,6:21:20,PM,BridgeClubDiscount,,,,,,,
Discount,$1.11,4/27/2022,6:21:20,PM,BridgeClubDiscount,,,,,,,
Discount,$1.11,4/27/2022,6:21:20,PM,BridgeClubDiscount,,,,,,,
Discount,$1.11,4/27/2022,6:21:20,PM,BridgeClubDiscount,,,,,,,
Discount,$1.11,4/27/2022,6:21:20,PM,BridgeClubDiscount,,,,,,,
Discount,$1.11,4/27/2022,6:21:20,PM,BridgeClubDiscount,,,,,,,
Discount,$1.11,4/27/2022,6:21:20,PM,BridgeClubDiscount,,,,,,,
Discount,$1.11,4/27/2022,6:21:20,PM,BridgeClubDiscount,,,,,,,
Discount,$1.11,4/27/2022,6:21:20,PM,BridgeClubDiscount,,,,,,,
Discount,$1.11,4/27/2022,6:21:20,PM,BridgeClubDiscount,,,,,,,
Discount,$1.11,4/27/2022,6:21:20,PM,BridgeClubDiscount,,,,,,,
Discount,$1.11,4/27/2022,6:21:20,PM,BridgeClubDiscount,,,,,,,
Discount,$1.11,4/27/2022,6:21:20,PM,BridgeClubDiscount,,,,,,,
Discount,$1.11,4/27/2022,6:21:20,PM,BridgeClubDiscount,,,,,,,
Discount,$1.11,4/27/2022,6:21:20,PM,BridgeClubDiscount,,,,,,,
Discount,$1.11,4/27/2022,6:21:20,PM,BridgeClubDiscount,,,,,,,
Discount,$1.11,4/27/2022,6:21:20,PM,BridgeClubDiscount,,,,,,,
Discount,$1.11,3/31/2022,6:01:03,PM,BridgeClubDiscount,,,,,,,
Discount,$1.11,3/31/2022,8:51:08,AM,BridgeClubDiscount,,,,,,,
Discount,$1.11,3/30/2022,4:00:08,PM,BridgeClubDiscount,,,,,,,
Discount,$1.11,3/30/2022,8:20:10,AM,BridgeClubDiscount,,,,,,,
Discount,$1.11,3/29/2022,5:51:04,PM,BridgeClubDiscount,,,,,,,
Discount,$1.11,3/29/2022,8:40:13,AM,BridgeClubDiscount,,,,,,,
Discount,$1.11,3/28/2022,6:30:10,PM,BridgeClubDiscount,,,,,,,
Discount,$1.11,3/28/2022,8:40:43,AM,BridgeClubDiscount,,,,,,,
Discount,$1.11,3/25/2022,6:00:52,PM,BridgeClubDiscount,,,,,,,
Discount,$1.11,3/25/2022,8:52:50,AM,BridgeClubDiscount,,,,,,,
Discount,$1.11,3/24/2022,5:50:56,PM,BridgeClubDiscount,,,,,,,
Discount,$1.11,3/24/2022,5:50:56,PM,BridgeClubDiscount,,,,,,,
Discount,$1.11,3/24/2022,5:50:56,PM,BridgeClubDiscount,,,,,,,
Discount,$1.11,3/24/2022,5:50:56,PM,BridgeClubDiscount,,,,,,,
Discount,$1.11,3/24/2022,5:50:56,PM,BridgeClubDiscount,,,,,,,
Discount,$1.11,3/24/2022,5:50:56,PM,BridgeClubDiscount,,,,,,,
Discount,$1.11,3/24/2022,5:50:56,PM,BridgeClubDiscount,,,,,,,
Discount,$1.11,3/24/2022,5:50:56,PM,BridgeClubDiscount,,,,,,,
Discount,$1.11,3/24/2022,5:50:56,PM,BridgeClubDiscount,,,,,,,
Discount,$1.11,3/24/2022,5:50:56,PM,BridgeClubDiscount,,,,,,,
Discount,$1.11,3/24/2022,5:50:56,PM,BridgeClubDiscount,,,,,,,
Discount,$1.11,3/24/2022,5:50:56,PM,BridgeClubDiscount,,,,,,,
Discount,$1.11,3/24/2022,5:50:56,PM,BridgeClubDiscount,,,,,,,
Discount,$1.11,3/24/2022,5:50:56,PM,BridgeClubDiscount,,,,,,,
Discount,$1.11,3/24/2022,5:50:56,PM,BridgeClubDiscount,,,,,,,
Discount,$1.11,3/24/2022,5:50:56,PM,BridgeClubDiscount,,,,,,,
Discount,$1.11,3/24/2022,5:50:56,PM,BridgeClubDiscount,,,,,,,
Discount,$1.11,3/24/2022,5:50:56,PM,BridgeClubDiscount,,,,,,,
Discount,$1.11,3/24/2022,5:50:56,PM,BridgeClubDiscount,,,,,,,
Discount,$1.11,3/24/2022,5:50:56,PM,BridgeClubDiscount,,,,,,,
Discount,$1.11,3/24/2022,5:50:56,PM,BridgeClubDiscount,,,,,,,
Discount,$1.11,3/24/2022,5:50:56,PM,BridgeClubDiscount,,,,,,,
Discount,$1.11,3/24/2022,5:50:56,PM,BridgeClubDiscount,,,,,,,
Discount,$1.11,3/24/2022,5:50:56,PM,BridgeClubDiscount,,,,,,,
Discount,$1.11,3/24/2022,5:50:56,PM,BridgeClubDiscount,,,,,,,
Discount,$1.11,3/24/2022,5:50:56,PM,BridgeClubDiscount,,,,,,,
Discount,$1.11,3/24/2022,5:50:56,PM,BridgeClubDiscount,,,,,,,
Discount,$1.11,3/24/2022,5:50:56,PM,BridgeClubDiscount,,,,,,,
Discount,$1.11,3/24/2022,5:50:56,PM,BridgeClubDiscount,,,,,,,
Discount,$1.11,3/24/2022,5:50:56,PM,BridgeClubDiscount,,,,,,,
Discount,$1.11,3/24/2022,5:50:56,PM,BridgeClubDiscount,,,,,,,
Discount,$1.11,3/24/2022,5:50:56,PM,BridgeClubDiscount,,,,,,,
Discount,$1.11,3/24/2022,5:50:56,PM,BridgeClubDiscount,,,,,,,
Discount,$1.11,3/24/2022,5:50:56,PM,BridgeClubDiscount,,,,,,,
Discount,$1.11,3/24/2022,5:50:56,PM,BridgeClubDiscount,,,,,,,
Discount,$1.11,3/24/2022,5:50:56,PM,BridgeClubDiscount,,,,,,,
Discount,$1.11,3/24/2022,5:50:56,PM,BridgeClubDiscount,,,,,,,
Discount,$1.11,3/24/2022,5:50:56,PM,BridgeClubDiscount,,,,,,,
Discount,$1.11,3/24/2022,5:50:56,PM,BridgeClubDiscount,,,,,,,
Discount,$1.11,3/24/2022,5:50:56,PM,BridgeClubDiscount,,,,,,,
Fee,$0.00,9/16/2021,5:47:58,PM,RiverlinkLocal-Purchase,,,,,,,
Payment,$20.00,9/12/2022,4:45:05,AM,Visa2017Ex12/2022,,,,,,,
Payment,$20.00,9/8/2022,8:35:11,AM,Visa2017Ex12/2022,,,,,,,
Payment,$20.00,9/2/2022,5:15:10,PM,Visa2017Ex12/2022,,,,,,,
Payment,$20.00,8/29/2022,6:50:06,PM,Visa2017Ex12/2022,,,,,,,
Payment,$20.00,8/24/2022,5:25:32,PM,Visa2017Ex12/2022,,,,,,,
Payment,$20.00,8/21/2022,11:35:09,AM,Visa2017Ex12/2022,,,,,,,
Payment,$20.00,8/16/2022,5:55:11,PM,Visa2017Ex12/2022,,,,,,,
Payment,$20.00,8/12/2022,7:55:14,AM,Visa2017Ex12/2022,,,,,,,
Payment,$20.00,8/9/2022,8:55:10,AM,Visa2017Ex12/2022,,,,,,,
Payment,$20.00,8/4/2022,10:55:09,AM,Visa2017Ex12/2022,,,,,,,
Payment,$20.00,8/1/2022,5:55:07,PM,Visa2017Ex12/2022,,,,,,,
Payment,$20.00,7/28/2022,6:05:07,PM,Visa2017Ex12/2022,,,,,,,
Payment,$20.00,7/26/2022,5:15:10,PM,Visa2017Ex12/2022,,,,,,,
Payment,$20.00,7/25/2022,8:55:16,AM,Visa2017Ex12/2022,,,,,,,
Payment,$20.00,7/19/2022,8:35:16,AM,Visa2017Ex12/2022,,,,,,,
Payment,$20.00,7/14/2022,5:15:30,PM,Visa2017Ex12/2022,,,,,,,
Payment,$20.00,7/12/2022,10:45:10,AM,Visa2017Ex12/2022,,,,,,,
Payment,$20.00,7/8/2022,1:05:07,PM,Visa2017Ex12/2022,,,,,,,
Payment,$20.00,7/5/2022,12:05:08,PM,Visa2017Ex12/2022,,,,,,,
Payment,$20.00,6/28/2022,9:20:09,AM,Visa2017Ex12/2022,,,,,,,
Payment,$20.00,6/23/2022,11:05:10,AM,Visa2017Ex12/2022,,,,,,,
Payment,$20.00,6/20/2022,8:55:07,AM,Visa2017Ex12/2022,,,,,,,
Payment,$20.00,6/15/2022,8:45:13,AM,Visa2017Ex12/2022,,,,,,,
Payment,$20.00,6/9/2022,5:35:08,PM,Visa2017Ex12/2022,,,,,,,
Payment,$20.00,5/26/2022,8:35:09,AM,Visa2017Ex12/2022,,,,,,,
Payment,$20.00,5/20/2022,6:15:27,PM,Visa2017Ex12/2022,,,,,,,
Payment,$20.00,5/18/2022,8:55:27,AM,Visa2017Ex12/2022,,,,,,,
Payment,$20.00,5/12/2022,5:25:06,PM,Visa2017Ex12/2022,,,,,,,
Payment,$20.00,5/9/2022,7:15:23,PM,Visa2017Ex12/2022,,,,,,,
Payment,$20.00,4/25/2022,6:25:10,PM,Visa2017Ex12/2022,,,,,,,
Payment,$20.00,4/21/2022,11:32:40,AM,Visa2017Ex12/2022,,,,,,,
Payment,$20.00,4/15/2022,4:25:05,PM,Visa2017Ex12/2022,,,,,,,
Payment,$20.00,4/12/2022,6:05:21,PM,Visa2017Ex12/2022,,,,,,,
Payment,$20.00,4/8/2022,7:25:55,PM,Visa2017Ex12/2022,,,,,,,
Payment,$20.00,4/5/2022,10:05:26,AM,Visa2017Ex12/2022,,,,,,,
Payment,$20.00,3/22/2022,8:55:16,AM,Visa2017Ex12/2022,,,,,,,
Payment,$20.00,3/16/2022,5:45:13,PM,Visa2017Ex12/2022,,,,,,,
Payment,$20.00,3/11/2022,8:55:12,AM,Visa2017Ex12/2022,,,,,,,
Payment,$20.00,3/7/2022,6:55:25,PM,Visa2017Ex12/2022,,,,,,,
Payment,$20.00,3/3/2022,5:35:11,PM,Visa2017Ex12/2022,,,,,,,
Payment,$20.00,2/25/2022,12:06:34,PM,Visa2017Ex12/2022,,,,,,,
Payment,$20.00,2/22/2022,5:55:36,PM,Visa2017Ex12/2022,,,,,,,
Payment,$20.00,2/18/2022,9:05:34,AM,Visa2017Ex12/2022,,,,,,,
Payment,$20.00,2/14/2022,1:35:55,PM,Visa2017Ex12/2022,,,,,,,
Payment,$20.00,1/31/2022,11:15:36,AM,Visa2017Ex12/2022,,,,,,,
Payment,$20.00,1/22/2022,4:15:10,PM,Visa2017Ex12/2022,,,,,,,
Payment,$20.00,1/1/2022,8:05:11,AM,Visa2017Ex12/2022,,,,,,,
Payment,$20.00,12/20/2021,11:05:07,AM,Visa2017Ex12/2022,,,,,,,
Payment,$20.00,12/7/2021,3:35:12,PM,Visa2017Ex12/2022,,,,,,,
Payment,$20.00,11/15/2021,2:05:27,PM,Visa2017Ex12/2022,,,,,,,
Payment,$20.00,11/4/2021,10:55:48,AM,Visa2017Ex12/2022,,,,,,,
Payment,$20.00,10/17/2021,4:35:06,PM,Visa2017Ex12/2022,,,,,,,
Payment,$20.00,9/28/2021,12:25:39,PM,Visa2017Ex12/2022,,,,,,,
Payment,$20.00,9/13/2021,2:55:06,PM,Visa2017Ex12/2022,,,,,,,
Payment,$20.00,8/30/2021,4:55:17,PM,Visa2017Ex12/2022,,,,,,,
Payment,$20.00,7/30/2021,3:45:10,PM,Visa2017Ex12/2022,,,,,,,
Payment,$20.00,7/9/2021,12:05:06,PM,Visa2017Ex12/2022,,,,,,,
Payment,$20.00,6/14/2021,9:25:09,PM,Visa2017Ex12/2022,,,,,,,
Payment,$20.00,5/14/2021,10:45:06,PM,Visa3608Ex06/2021,,,,,,,
Payment,$20.00,4/22/2021,8:25:07,PM,Visa3608Ex06/2021,,,,,,,
Payment,$20.00,4/6/2021,11:15:05,AM,Visa3608Ex06/2021,,,,,,,
Payment,$20.00,3/18/2021,3:45:08,PM,Visa3608Ex06/2021,,,,,,,
Payment,$20.00,3/11/2021,1:05:13,PM,Visa3608Ex06/2021,,,,,,,
Payment,$20.00,2/23/2021,6:25:08,PM,Visa3608Ex06/2021,,,,,,,
Payment,$20.00,1/25/2021,1:25:06,PM,Visa3608Ex06/2021,,,,,,,
Payment,$20.00,1/9/2021,7:15:06,PM,Visa3608Ex06/2021,,,,,,,
Payment,$20.00,12/6/2020,3:55:12,PM,Visa3608Ex06/2021,,,,,,,
Payment,$20.00,11/13/2020,7:05:07,PM,Visa3608Ex06/2021,,,,,,,
Payment,$20.00,11/2/2020,10:25:21,AM,Visa3608Ex06/2021,,,,,,,
Payment,$20.00,10/13/2020,2:35:13,PM,Visa3608Ex06/2021,,,,,,,
Payment,$20.00,9/25/2020,8:55:08,PM,Visa3608Ex06/2021,,,,,,,
Payment,$20.00,7/29/2020,4:23:22,PM,Visa3608Ex06/2021,,,,,,,
Payment,$20.00,6/26/2020,2:51:19,PM,Visa3608Ex06/2021,,,,,,,
Payment,$20.00,6/3/2020,5:51:46,PM,Visa3608Ex06/2021,,,,,,,
Payment,$20.00,3/4/2020,4:40:22,PM,Visa3608Ex06/2021,,,,,,,
Payment,$20.00,1/30/2020,5:53:15,PM,Visa3608Ex06/2021,,,,,,,
Payment,$20.00,1/8/2020,3:45:56,PM,Visa3608Ex06/2021,,,,,,,
Payment,$20.00,12/23/2019,12:50:24,PM,Visa3608Ex06/2021,,,,,,,
Payment,$20.00,11/26/2019,6:21:12,PM,Visa3608Ex06/2021,,,,,,,
Payment,$20.00,10/23/2019,7:43:00,PM,Visa3608Ex06/2021,,,,,,,
Toll,$2.40,9/23/2022,3:12:11,PM,LocalTransaction,2,EastEndCrossing,-,NB,6712755,,
Toll,$2.40,9/21/2022,3:53:13,PM,LocalTransaction,3,EastEndCrossing,-,NB,6712755,,
Toll,$2.40,9/21/2022,11:33:02,AM,vTollTransaction,2,KennedyBridge,-,SB,,825ZYS,
Toll,$2.40,9/9/2022,5:12:22,PM,LocalTransaction,2,EastEndCrossing,-,NB,7020623,,
Toll,$2.40,9/9/2022,3:18:00,PM,LocalTransaction,3,EastEndCrossing,-,SB,7020623,,
Toll,$2.40,9/9/2022,1:48:17,PM,LocalTransaction,3,LincolnBridge,-,NB,6712755,,
Toll,$2.40,9/9/2022,12:51:30,PM,vTollTransaction,5,KennedyBridge,-,SB,,825ZYS,
Toll,$2.40,9/8/2022,4:08:08,PM,vTollTransaction,4,KennedyBridge,-,SB,,825ZYS,
Toll,$2.40,9/8/2022,1:38:02,PM,vTollTransaction,6,LincolnBridge,-,NB,,825ZYS,
Toll,$2.40,9/8/2022,1:28:42,PM,LocalTransaction,3,EastEndCrossing,-,NB,7020623,,
Toll,$2.40,9/8/2022,11:32:34,AM,LocalTransaction,2,KennedyBridge,-,SB,6712755,,
Toll,$2.40,9/8/2022,7:40:26,AM,LocalTransaction,3,EastEndCrossing,-,SB,7020623,,
Toll,$2.40,9/7/2022,4:41:40,PM,LocalTransaction,3,EastEndCrossing,-,NB,7020623,,
Toll,$2.40,9/7/2022,7:49:12,AM,LocalTransaction,3,EastEndCrossing,-,SB,7020623,,
Toll,$2.40,9/6/2022,4:47:04,PM,LocalTransaction,3,EastEndCrossing,-,NB,7020623,,
Toll,$2.40,9/6/2022,1:28:13,PM,LocalTransaction,4,LincolnBridge,-,NB,6712755,,
Toll,$2.40,9/6/2022,9:55:01,AM,vTollTransaction,2,KennedyBridge,-,SB,,825ZYS,
Toll,$2.40,9/6/2022,7:37:09,AM,LocalTransaction,2,EastEndCrossing,-,SB,7020623,,
Toll,$2.40,9/5/2022,4:28:32,PM,vTollTransaction,2,EastEndCrossing,-,NB,,825ZYS,
Toll,$2.40,9/5/2022,1:06:45,PM,LocalTransaction,2,KennedyBridge,-,SB,6712755,,
Toll,$2.40,9/2/2022,4:15:17,PM,LocalTransaction,2,EastEndCrossing,-,NB,6712755,,
Toll,$2.40,9/2/2022,2:50:18,PM,LocalTransaction,6,KennedyBridge,-,SB,6712755,,
Toll,$2.40,9/1/2022,4:49:37,PM,LocalTransaction,3,EastEndCrossing,-,NB,7020623,,
Toll,$2.40,9/1/2022,7:46:19,AM,LocalTransaction,2,EastEndCrossing,-,SB,7020623,,
Toll,$2.40,8/30/2022,5:09:13,PM,LocalTransaction,3,EastEndCrossing,-,NB,7020623,,
Toll,$2.40,8/30/2022,7:41:45,AM,LocalTransaction,3,EastEndCrossing,-,SB,7020623,,
Toll,$2.40,8/29/2022,5:43:24,PM,LocalTransaction,3,EastEndCrossing,-,NB,7020623,,
Toll,$2.40,8/29/2022,12:28:55,PM,vTollTransaction,2,KennedyBridge,-,SB,,825ZYS,
Toll,$2.40,8/29/2022,8:04:57,AM,LocalTransaction,3,EastEndCrossing,-,SB,7020623,,
Toll,$2.40,8/27/2022,12:58:41,PM,vTollTransaction,2,KennedyBridge,-,SB,,825ZYS,
Toll,$2.40,8/26/2022,11:38:46,AM,LocalTransaction,2,KennedyBridge,-,SB,6712755,,
Toll,$2.40,8/25/2022,4:49:29,PM,LocalTransaction,3,EastEndCrossing,-,NB,7020623,,
Toll,$2.40,8/25/2022,3:51:22,PM,LocalTransaction,2,LincolnBridge,-,NB-Exit0,6712755,,
Toll,$2.40,8/25/2022,2:26:29,PM,vTollTransaction,2,KennedyBridge,-,SB,,825ZYS,
Toll,$2.40,8/25/2022,7:50:49,AM,LocalTransaction,3,EastEndCrossing,-,SB,7020623,,
Toll,$2.40,8/24/2022,7:09:11,PM,LocalTransaction,2,KennedyBridge,-,SB,6712755,,
Toll,$2.40,8/24/2022,4:28:48,PM,LocalTransaction,6,LincolnBridge,-,NB,6712755,,
Toll,$2.40,8/24/2022,2:42:09,PM,LocalTransaction,3,EastEndCrossing,-,SB,6712755,,
Toll,$2.40,8/24/2022,12:45:11,PM,LocalTransaction,3,EastEndCrossing,-,NB,7020623,,
Toll,$2.40,8/24/2022,7:57:05,AM,LocalTransaction,3,EastEndCrossing,-,SB,7020623,,
Toll,$2.40,8/23/2022,5:04:36,PM,LocalTransaction,3,EastEndCrossing,-,NB,7020623,,
Toll,$2.40,8/23/2022,12:28:27,PM,LocalTransaction,3,EastEndCrossing,-,SB,6712755,,
Toll,$2.40,8/23/2022,8:06:10,AM,LocalTransaction,3,EastEndCrossing,-,SB,7020623,,
Toll,$2.40,8/22/2022,5:45:45,PM,LocalTransaction,3,EastEndCrossing,-,NB,7020623,,
Toll,$2.40,8/22/2022,8:02:52,AM,LocalTransaction,2,EastEndCrossing,-,SB,7020623,,
Toll,$2.40,8/19/2022,12:50:42,PM,LocalTransaction,2,LincolnBridge,-,NB-Exit0,6712755,,
Toll,$2.40,8/19/2022,12:08:57,PM,LocalTransaction,2,KennedyBridge,-,SB,6712755,,
Toll,$2.40,8/19/2022,11:51:08,AM,LocalTransaction,2,LincolnBridge,-,NB-Exit0,6712755,,
Toll,$2.40,8/18/2022,4:04:24,PM,vTollTransaction,2,KennedyBridge,-,SB,,825ZYS,
Toll,$2.40,8/17/2022,5:38:51,PM,LocalTransaction,2,EastEndCrossing,-,NB,7020623,,
Toll,$2.40,8/17/2022,12:30:15,PM,LocalTransaction,2,LincolnBridge,-,NB-Exit0,6712755,,
Toll,$2.40,8/17/2022,10:49:22,AM,LocalTransaction,2,KennedyBridge,-,SB,6712755,,
Toll,$2.40,8/17/2022,7:46:05,AM,LocalTransaction,3,EastEndCrossing,-,SB,7020623,,
Toll,$2.40,8/16/2022,4:52:24,PM,LocalTransaction,3,EastEndCrossing,-,NB,7020623,,
Toll,$2.40,8/16/2022,2:18:32,PM,LocalTransaction,2,LincolnBridge,-,NB-Exit0,6712755,,
Toll,$2.40,8/16/2022,7:21:57,AM,LocalTransaction,2,EastEndCrossing,-,SB,7020623,,
Toll,$2.40,8/15/2022,5:52:54,PM,LocalTransaction,2,EastEndCrossing,-,NB,7020623,,
Toll,$2.40,8/15/2022,12:35:44,PM,LocalTransaction,3,LincolnBridge,-,NB,6712755,,
Toll,$2.40,8/15/2022,11:15:00,AM,LocalTransaction,2,KennedyBridge,-,SB,6712755,,
Toll,$2.40,8/15/2022,7:44:55,AM,LocalTransaction,2,EastEndCrossing,-,SB,7020623,,
Toll,$2.40,8/12/2022,12:18:56,PM,LocalTransaction,3,EastEndCrossing,-,NB,7020623,,
Toll,$2.40,8/12/2022,6:58:48,AM,LocalTransaction,2,EastEndCrossing,-,SB,7020623,,
Toll,$2.40,8/11/2022,5:18:26,PM,LocalTransaction,3,EastEndCrossing,-,NB,7020623,,
Toll,$2.40,8/11/2022,2:22:04,PM,LocalTransaction,2,LincolnBridge,-,NB-Exit0,6712755,,
Toll,$2.40,8/11/2022,11:36:32,AM,LocalTransaction,2,KennedyBridge,-,SB,6712755,,
Toll,$2.40,8/11/2022,7:00:31,AM,LocalTransaction,2,EastEndCrossing,-,SB,7020623,,
Toll,$2.40,8/10/2022,5:13:38,PM,LocalTransaction,2,EastEndCrossing,-,NB,7020623,,
Toll,$2.40,8/10/2022,8:39:25,AM,LocalTransaction,6,KennedyBridge,-,SB,7020623,,,
Toll,$2.40,8/9/2022,5:13:34,PM,LocalTransaction,3,EastEndCrossing,-,NB,7020623,,
Toll,$2.40,8/9/2022,7:53:29,AM,LocalTransaction,3,EastEndCrossing,-,SB,7020623,,
Toll,$2.40,8/8/2022,5:25:03,PM,LocalTransaction,3,EastEndCrossing,-,NB,7020623,,
Toll,$2.40,8/8/2022,1:03:35,PM,LocalTransaction,5,LincolnBridge,-,NB,6712755,,
Toll,$2.40,8/8/2022,11:29:41,AM,vTollTransaction,3,KennedyBridge,-,SB,,825ZYS,
Toll,$2.40,8/8/2022,7:36:18,AM,LocalTransaction,3,EastEndCrossing,-,SB,7020623,,
Toll,$2.40,8/7/2022,3:42:38,PM,LocalTransaction,2,EastEndCrossing,-,NB,6712755,,
Toll,$2.40,8/7/2022,1:29:23,PM,LocalTransaction,3,EastEndCrossing,-,SB,6712755,,
Toll,$2.40,8/4/2022,4:43:48,PM,LocalTransaction,2,EastEndCrossing,-,NB,7020623,,
Toll,$2.40,8/4/2022,11:23:20,AM,LocalTransaction,2,LincolnBridge,-,NB-Exit0,6712755,,
Toll,$2.40,8/4/2022,9:52:18,AM,LocalTransaction,2,KennedyBridge,-,SB,6712755,,
Toll,$2.40,8/4/2022,7:22:56,AM,LocalTransaction,2,EastEndCrossing,-,SB,7020623,,
Toll,$2.40,8/3/2022,5:52:49,PM,LocalTransaction,3,EastEndCrossing,-,NB,7020623,,
Toll,$2.40,8/3/2022,4:35:35,PM,LocalTransaction,2,LincolnBridge,-,NB-Exit0,6712755,,
Toll,$2.40,8/3/2022,1:56:26,PM,LocalTransaction,5,KennedyBridge,-,SB,6712755,,
Toll,$2.40,8/3/2022,7:08:21,AM,LocalTransaction,2,EastEndCrossing,-,SB,7020623,,
Toll,$2.40,8/2/2022,5:37:29,PM,LocalTransaction,3,EastEndCrossing,-,NB,7020623,,
Toll,$2.40,8/2/2022,7:08:14,AM,LocalTransaction,3,EastEndCrossing,-,SB,7020623,,
Toll,$2.40,8/1/2022,4:53:48,PM,LocalTransaction,2,EastEndCrossing,-,NB,7020623,,
Toll,$2.40,8/1/2022,3:52:35,PM,LocalTransaction,2,LincolnBridge,-,NB-Exit0,6712755,,
Toll,$2.40,8/1/2022,11:02:52,AM,LocalTransaction,2,KennedyBridge,-,SB,6712755,,
Toll,$2.40,8/1/2022,6:56:10,AM,LocalTransaction,3,EastEndCrossing,-,SB,7020623,,
Toll,$2.40,7/30/2022,4:46:20,PM,LocalTransaction,2,LincolnBridge,-,NB-Exit0,6712755,,
Toll,$2.40,7/30/2022,1:40:22,PM,vTollTransaction,5,KennedyBridge,-,SB,,825ZYS,
Toll,$2.40,7/29/2022,11:07:46,AM,LocalTransaction,3,EastEndCrossing,-,NB,6712755,,
Toll,$2.40,7/29/2022,10:08:11,AM,LocalTransaction,2,KennedyBridge,-,SB,6712755,,
Toll,$2.40,7/28/2022,5:04:52,PM,LocalTransaction,2,EastEndCrossing,-,NB,7020623,,
Toll,$2.40,7/28/2022,3:09:13,PM,LocalTransaction,2,KennedyBridge,-,SB,6712755,,
Toll,$2.40,7/28/2022,7:48:24,AM,LocalTransaction,2,EastEndCrossing,-,SB,7020623,,
Toll,$2.40,7/27/2022,4:52:26,PM,LocalTransaction,3,EastEndCrossing,-,NB,7020623,,
Toll,$2.40,7/27/2022,11:02:40,AM,LocalTransaction,2,KennedyBridge,-,SB,6712755,,
Toll,$2.40,7/27/2022,7:00:56,AM,LocalTransaction,2,EastEndCrossing,-,SB,7020623,,
Toll,$2.40,7/26/2022,4:48:11,PM,LocalTransaction,2,LincolnBridge,-,NB-Exit0,6712755,,
Toll,$2.40,7/26/2022,4:17:54,PM,LocalTransaction,3,EastEndCrossing,-,NB,7020623,,
Toll,$2.40,7/26/2022,2:16:13,PM,LocalTransaction,3,KennedyBridge,-,SB,6712755,,
Toll,$2.40,7/26/2022,1:33:10,PM,LocalTransaction,2,LincolnBridge,-,NB-Exit0,6712755,,
Toll,$2.40,7/26/2022,12:42:33,PM,vTollTransaction,3,KennedyBridge,-,SB,,825ZYS,
Toll,$2.40,7/26/2022,7:33:23,AM,LocalTransaction,3,EastEndCrossing,-,SB,7020623,,
Toll,$2.40,7/25/2022,5:07:25,PM,LocalTransaction,3,EastEndCrossing,-,NB,7020623,,
Toll,$2.40,7/25/2022,2:12:16,PM,LocalTransaction,2,LincolnBridge,-,NB-Exit0,6712755,,
Toll,$2.40,7/25/2022,1:18:04,PM,vTollTransaction,5,KennedyBridge,-,SB,,825ZYS,
Toll,$2.40,7/25/2022,7:54:23,AM,LocalTransaction,2,EastEndCrossing,-,SB,7020623,,
Toll,$2.40,7/23/2022,6:50:12,PM,vTollTransaction,6,LincolnBridge,-,NB,,825ZYS,
Toll,$2.40,7/23/2022,5:57:18,PM,LocalTransaction,4,KennedyBridge,-,SB,6712755,,
Toll,$2.40,7/23/2022,3:52:30,PM,LocalTransaction,3,LincolnBridge,-,NB,6712755,,
Toll,$2.40,7/23/2022,3:14:33,PM,vTollTransaction,2,KennedyBridge,-,SB,,825ZYS,
Toll,$2.40,7/20/2022,5:15:33,PM,vTollTransaction,6,LincolnBridge,-,NB,,825ZYS,
Toll,$2.40,7/20/2022,4:48:31,PM,LocalTransaction,3,EastEndCrossing,-,NB,7020623,,
Toll,$2.40,7/20/2022,3:35:34,PM,LocalTransaction,2,KennedyBridge,-,SB,6712755,,
Toll,$2.40,7/20/2022,8:02:17,AM,LocalTransaction,3,EastEndCrossing,-,SB,7020623,,
Toll,$2.40,7/19/2022,1:27:13,PM,LocalTransaction,3,EastEndCrossing,-,NB,7020623,,
Toll,$2.40,7/19/2022,7:38:08,AM,LocalTransaction,3,EastEndCrossing,-,SB,7020623,,
Toll,$2.40,7/18/2022,5:42:21,PM,LocalTransaction,2,LincolnBridge,-,NB,7020623,,
Toll,$2.40,7/18/2022,12:15:33,PM,vTollTransaction,3,EastEndCrossing,-,NB,,825ZYS,
Toll,$2.40,7/18/2022,11:05:29,AM,LocalTransaction,6,KennedyBridge,-,SB,6712755,,
Toll,$2.40,7/18/2022,7:45:16,AM,LocalTransaction,3,EastEndCrossing,-,SB,7020623,,
Toll,$2.40,7/15/2022,5:37:14,PM,LocalTransaction,3,EastEndCrossing,-,NB,7020623,,
Toll,$2.40,7/15/2022,7:25:49,AM,LocalTransaction,3,EastEndCrossing,-,SB,7020623,,
Toll,$2.40,7/14/2022,5:06:35,PM,LocalTransaction,3,EastEndCrossing,-,NB,7020623,,
Toll,$2.40,7/14/2022,4:17:57,PM,LocalTransaction,2,LincolnBridge,-,NB-Exit0,6712755,,
Toll,$2.40,7/14/2022,6:50:15,AM,LocalTransaction,3,EastEndCrossing,-,SB,7020623,,
Toll,$2.40,7/13/2022,5:12:52,PM,LocalTransaction,2,EastEndCrossing,-,NB,7020623,,
Toll,$2.40,7/13/2022,5:07:18,PM,vTollTransaction,3,EastEndCrossing,-,NB,,825ZYS,
Toll,$2.40,7/13/2022,6:49:26,AM,LocalTransaction,2,EastEndCrossing,-,SB,7020623,,
Toll,$2.40,7/12/2022,5:44:05,PM,LocalTransaction,2,EastEndCrossing,-,NB,7020623,,
Toll,$2.40,7/12/2022,4:09:29,PM,LocalTransaction,3,LincolnBridge,-,NB,6712755,,
Toll,$2.40,7/12/2022,1:46:14,PM,LocalTransaction,2,KennedyBridge,-,SB,6712755,,
Toll,$2.40,7/12/2022,10:40:42,AM,LocalTransaction,2,LincolnBridge,-,NB-Exit0,6712755,,
Toll,$2.40,7/12/2022,9:45:18,AM,LocalTransaction,2,KennedyBridge,-,SB,6712755,,
Toll,$2.40,7/12/2022,7:15:51,AM,LocalTransaction,3,EastEndCrossing,-,SB,7020623,,
Toll,$2.40,7/11/2022,5:17:57,PM,LocalTransaction,3,EastEndCrossing,-,NB,7020623,,
Toll,$2.40,7/11/2022,3:25:44,PM,LocalTransaction,2,EastEndCrossing,-,NB,6712755,,
Toll,$2.40,7/11/2022,12:07:18,PM,LocalTransaction,2,KennedyBridge,-,SB,6712755,,
Toll,$2.40,7/11/2022,7:33:36,AM,LocalTransaction,2,EastEndCrossing,-,SB,7020623,,
Toll,$2.40,7/9/2022,2:33:26,PM,LocalTransaction,3,LincolnBridge,-,NB,6712755,,
Toll,$2.40,7/9/2022,1:51:28,PM,LocalTransaction,3,KennedyBridge,-,SB,6712755,,
Toll,$2.40,7/8/2022,12:51:02,PM,vTollTransaction,3,KennedyBridge,-,SB,,825ZYS,
Toll,$2.40,7/7/2022,5:18:17,PM,LocalTransaction,3,EastEndCrossing,-,NB,7020623,,
Toll,$2.40,7/7/2022,2:58:11,PM,LocalTransaction,3,EastEndCrossing,-,SB,6712755,,
Toll,$2.40,7/7/2022,11:08:02,AM,LocalTransaction,2,KennedyBridge,-,SB,6712755,,
Toll,$2.40,7/7/2022,8:26:46,AM,LocalTransaction,2,KennedyBridge,-,SB,7020623,,
Toll,$2.40,7/6/2022,5:30:24,PM,LocalTransaction,4,LincolnBridge,-,NB,7020623,,
Toll,$2.40,7/6/2022,3:32:59,PM,vTollTransaction,2,KennedyBridge,-,SB,,825ZYS,
Toll,$2.40,7/6/2022,7:27:15,AM,LocalTransaction,3,EastEndCrossing,-,SB,7020623,,
Toll,$2.40,7/5/2022,5:13:51,PM,LocalTransaction,2,EastEndCrossing,-,NB,7020623,,
Toll,$2.40,7/5/2022,11:09:56,AM,LocalTransaction,3,LincolnBridge,-,NB,6712755,,
Toll,$2.40,7/5/2022,10:39:31,AM,LocalTransaction,2,KennedyBridge,-,SB,6712755,,
Toll,$2.40,7/5/2022,7:59:06,AM,LocalTransaction,3,EastEndCrossing,-,SB,7020623,,
Toll,$2.40,7/1/2022,5:01:48,PM,LocalTransaction,3,EastEndCrossing,-,NB,7020623,,
Toll,$2.40,7/1/2022,11:39:03,AM,LocalTransaction,4,KennedyBridge,-,SB,6712755,,
Toll,$2.40,7/1/2022,7:56:59,AM,LocalTransaction,2,EastEndCrossing,-,SB,7020623,,
Toll,$2.21,6/30/2022,6:09:03,PM,vTollTransaction,3,EastEndCrossing,-,NB,,825ZYS,
Toll,$2.21,6/28/2022,5:05:32,PM,LocalTransaction,3,EastEndCrossing,-,NB,7020623,,
Toll,$2.21,6/28/2022,8:08:00,AM,LocalTransaction,3,EastEndCrossing,-,SB,7020623,,
Toll,$2.21,6/27/2022,6:14:18,PM,LocalTransaction,3,EastEndCrossing,-,NB,7020623,,
Toll,$2.21,6/27/2022,11:50:44,AM,LocalTransaction,2,LincolnBridge,-,NB-Exit0,6712755,,
Toll,$2.21,6/27/2022,10:28:25,AM,vTollTransaction,2,KennedyBridge,-,SB,,825ZYS,
Toll,$2.21,6/27/2022,7:56:03,AM,LocalTransaction,3,EastEndCrossing,-,SB,7020623,,
Toll,$2.21,6/24/2022,4:52:57,PM,LocalTransaction,3,EastEndCrossing,-,NB,7020623,,
Toll,$2.21,6/24/2022,7:33:15,AM,LocalTransaction,3,EastEndCrossing,-,SB,7020623,,
Toll,$2.21,6/23/2022,4:39:30,PM,LocalTransaction,4,LincolnBridge,-,NB,7020623,,
Toll,$2.21,6/23/2022,3:16:29,PM,LocalTransaction,2,LincolnBridge,-,NB-Exit0,6712755,,
Toll,$2.21,6/23/2022,10:38:10,AM,LocalTransaction,2,KennedyBridge,-,SB,6712755,,
Toll,$2.21,6/23/2022,10:04:21,AM,LocalTransaction,2,LincolnBridge,-,NB-Exit0,6712755,,
Toll,$2.21,6/23/2022,8:19:06,AM,LocalTransaction,3,EastEndCrossing,-,SB,7020623,,
Toll,$2.21,6/23/2022,7:59:52,AM,LocalTransaction,4,KennedyBridge,-,SB,6712755,,
Toll,$2.21,6/22/2022,6:17:32,PM,LocalTransaction,3,EastEndCrossing,-,NB,7020623,,
Toll,$2.21,6/22/2022,12:30:06,PM,LocalTransaction,2,KennedyBridge,-,SB,6712755,,
Toll,$2.21,6/22/2022,7:25:00,AM,LocalTransaction,3,EastEndCrossing,-,SB,7020623,,
Toll,$2.21,6/21/2022,6:41:50,PM,LocalTransaction,4,LincolnBridge,-,NB,7020623,,
Toll,$2.21,6/21/2022,7:55:25,AM,LocalTransaction,3,EastEndCrossing,-,SB,7020623,,
Toll,$2.21,6/20/2022,5:13:28,PM,LocalTransaction,3,EastEndCrossing,-,NB,7020623,,
Toll,$2.21,6/20/2022,7:56:46,AM,LocalTransaction,3,EastEndCrossing,-,SB,7020623,,
Toll,$2.21,6/17/2022,2:31:46,PM,LocalTransaction,2,LincolnBridge,-,NB-Exit0,6712755,,
Toll,$2.21,6/16/2022,5:17:12,PM,LocalTransaction,2,EastEndCrossing,-,NB,6712755,,
Toll,$2.21,6/16/2022,4:31:48,PM,LocalTransaction,3,EastEndCrossing,-,NB,7020623,,
Toll,$2.21,6/16/2022,2:48:03,PM,LocalTransaction,2,KennedyBridge,-,SB,6712755,,
Toll,$2.21,6/16/2022,11:47:34,AM,LocalTransaction,2,KennedyBridge,-,SB,6712755,,
Toll,$2.21,6/16/2022,7:53:33,AM,LocalTransaction,3,EastEndCrossing,-,SB,7020623,,
Toll,$2.21,6/15/2022,5:10:18,PM,LocalTransaction,2,EastEndCrossing,-,NB,7020623,,
Toll,$2.21,6/15/2022,3:48:22,PM,vTollTransaction,5,KennedyBridge,-,SB,,825ZYS,
Toll,$2.21,6/15/2022,7:48:04,AM,LocalTransaction,3,EastEndCrossing,-,SB,7020623,,
Toll,$2.21,6/14/2022,4:35:31,PM,LocalTransaction,4,LincolnBridge,-,NB,7020623,,
Toll,$2.21,6/14/2022,8:05:09,AM,LocalTransaction,3,EastEndCrossing,-,SB,7020623,,
Toll,$2.21,6/13/2022,5:16:22,PM,LocalTransaction,3,EastEndCrossing,-,NB,7020623,,
Toll,$2.21,6/13/2022,7:59:34,AM,LocalTransaction,3,EastEndCrossing,-,SB,7020623,,
Toll,$2.21,6/11/2022,10:46:09,AM,vTollTransaction,2,KennedyBridge,-,SB,,825ZYS,
Toll,$2.21,6/10/2022,5:13:24,PM,LocalTransaction,2,EastEndCrossing,-,NB,7020623,,
Toll,$2.21,6/10/2022,7:57:20,AM,LocalTransaction,3,EastEndCrossing,-,SB,7020623,,
Toll,$2.21,6/9/2022,4:41:18,PM,LocalTransaction,3,EastEndCrossing,-,NB,7020623,,
Toll,$2.21,6/9/2022,7:50:17,AM,LocalTransaction,3,EastEndCrossing,-,SB,7020623,,
Toll,$2.21,6/8/2022,6:15:41,PM,LocalTransaction,4,LincolnBridge,-,NB,6712755,,
Toll,$2.21,6/8/2022,5:52:39,PM,LocalTransaction,3,EastEndCrossing,-,NB,7020623,,
Toll,$2.21,6/8/2022,5:20:56,PM,LocalTransaction,2,KennedyBridge,-,SB,6712755,,
Toll,$2.21,6/8/2022,2:52:36,PM,LocalTransaction,2,LincolnBridge,-,NB-Exit0,6712755,,
Toll,$2.21,6/8/2022,1:42:52,PM,vTollTransaction,2,KennedyBridge,-,SB,,825ZYS,
Toll,$2.21,6/8/2022,7:53:20,AM,LocalTransaction,3,EastEndCrossing,-,SB,7020623,,
Toll,$2.21,6/7/2022,5:56:00,PM,LocalTransaction,3,EastEndCrossing,-,NB,7020623,,
Toll,$2.21,6/7/2022,5:41:35,PM,vTollTransaction,6,LincolnBridge,-,NB,,825ZYS,
Toll,$2.21,6/7/2022,2:22:40,PM,LocalTransaction,6,KennedyBridge,-,SB,6712755,,
Toll,$2.21,6/7/2022,1:05:13,PM,LocalTransaction,2,LincolnBridge,-,NB-Exit0,6712755,,
Toll,$2.21,6/7/2022,7:51:35,AM,LocalTransaction,3,EastEndCrossing,-,SB,7020623,,
Toll,$2.21,6/3/2022,5:12:59,PM,LocalTransaction,3,EastEndCrossing,-,NB,7020623,,
Toll,$2.21,6/3/2022,7:54:26,AM,LocalTransaction,3,EastEndCrossing,-,SB,7020623,,
Toll,$2.21,6/2/2022,5:54:59,PM,LocalTransaction,2,EastEndCrossing,-,NB,7020623,,
Toll,$2.21,6/2/2022,2:17:36,PM,LocalTransaction,2,LincolnBridge,-,NB-Exit0,6712755,,
Toll,$2.21,6/2/2022,12:01:34,PM,LocalTransaction,2,KennedyBridge,-,SB,6712755,,
Toll,$2.21,6/2/2022,7:33:52,AM,LocalTransaction,3,EastEndCrossing,-,SB,7020623,,
Toll,$2.21,6/1/2022,5:13:19,PM,LocalTransaction,3,EastEndCrossing,-,NB,7020623,,
Toll,$2.21,6/1/2022,7:31:32,AM,LocalTransaction,3,EastEndCrossing,-,SB,7020623,,
Toll,$2.21,5/31/2022,5:57:39,PM,LocalTransaction,3,EastEndCrossing,-,NB,7020623,,
Toll,$2.21,5/31/2022,5:41:52,PM,LocalTransaction,2,EastEndCrossing,-,NB,6712755,,
Toll,$2.21,5/31/2022,1:21:13,PM,vTollTransaction,3,KennedyBridge,-,SB,,825ZYS,
Toll,$2.21,5/31/2022,10:35:55,AM,LocalTransaction,2,KennedyBridge,-,SB,6712755,,
Toll,$2.21,5/31/2022,8:05:41,AM,LocalTransaction,3,EastEndCrossing,-,SB,7020623,,
Toll,$2.21,5/28/2022,2:41:12,PM,LocalTransaction,3,LincolnBridge,-,NB,6712755,,
Toll,$2.21,5/27/2022,5:07:08,PM,LocalTransaction,3,EastEndCrossing,-,NB,7020623,,
Toll,$2.21,5/27/2022,10:17:25,AM,LocalTransaction,3,EastEndCrossing,-,SB,7020623,,
Toll,$2.21,5/26/2022,4:50:56,PM,LocalTransaction,3,EastEndCrossing,-,NB,7020623,,
Toll,$2.21,5/26/2022,7:36:45,AM,LocalTransaction,3,EastEndCrossing,-,SB,7020623,,
Toll,$2.21,5/25/2022,5:43:08,PM,LocalTransaction,3,EastEndCrossing,-,NB,7020623,,
Toll,$2.21,5/25/2022,12:39:42,PM,vTollTransaction,7,KennedyBridge,-,SB,,825ZYS,
Toll,$2.21,5/25/2022,7:37:33,AM,LocalTransaction,3,EastEndCrossing,-,SB,7020623,,
Toll,$2.21,5/24/2022,5:14:06,PM,LocalTransaction,3,EastEndCrossing,-,NB,7020623,,
Toll,$2.21,5/24/2022,4:49:31,PM,LocalTransaction,3,LincolnBridge,-,NB,6712755,,
Toll,$2.21,5/24/2022,7:29:29,AM,LocalTransaction,3,EastEndCrossing,-,SB,7020623,,
Toll,$2.21,5/23/2022,12:51:42,PM,LocalTransaction,2,EastEndCrossing,-,SB,6712755,,
Toll,$2.21,5/20/2022,5:31:44,PM,LocalTransaction,2,LincolnBridge,-,NB-Exit0,6712755,,
Toll,$2.21,5/20/2022,4:55:48,PM,LocalTransaction,4,LincolnBridge,-,NB,7020623,,
Toll,$2.21,5/20/2022,3:37:50,PM,LocalTransaction,2,KennedyBridge,-,SB,6712755,,
Toll,$2.21,5/20/2022,7:52:03,AM,LocalTransaction,3,EastEndCrossing,-,SB,7020623,,
Toll,$2.21,5/19/2022,6:40:27,PM,LocalTransaction,2,EastEndCrossing,-,NB,7020623,,
Toll,$2.21,5/19/2022,6:36:15,PM,vTollTransaction,2,EastEndCrossing,-,NB,,825ZYS,
Toll,$2.21,5/19/2022,3:18:03,PM,LocalTransaction,2,KennedyBridge,-,SB,6712755,,
Toll,$2.21,5/19/2022,12:30:20,PM,LocalTransaction,2,LincolnBridge,-,NB-Exit0,6712755,,
Toll,$2.21,5/19/2022,8:01:13,AM,LocalTransaction,3,EastEndCrossing,-,SB,7020623,,
Toll,$2.21,5/18/2022,5:36:27,PM,LocalTransaction,2,EastEndCrossing,-,NB,7020623,,
Toll,$2.21,5/18/2022,2:57:26,PM,LocalTransaction,4,KennedyBridge,-,SB,6712755,,
Toll,$2.21,5/18/2022,7:59:07,AM,LocalTransaction,3,EastEndCrossing,-,SB,7020623,,
Toll,$2.21,5/17/2022,5:03:03,PM,LocalTransaction,2,LincolnBridge,-,NB,7020623,,
Toll,$2.21,5/17/2022,8:10:57,AM,LocalTransaction,3,EastEndCrossing,-,SB,7020623,,
Toll,$2.21,5/16/2022,5:57:24,PM,LocalTransaction,3,EastEndCrossing,-,NB,7020623,,
Toll,$2.21,5/16/2022,7:49:18,AM,LocalTransaction,2,EastEndCrossing,-,SB,7020623,,
Toll,$2.21,5/13/2022,3:33:43,PM,LocalTransaction,5,LincolnBridge,-,NB,7020623,,
Toll,$2.21,5/13/2022,2:24:13,PM,LocalTransaction,5,KennedyBridge,-,SB,7020623,,
Toll,$2.21,5/13/2022,10:37:01,AM,LocalTransaction,3,EastEndCrossing,-,NB,7020623,,
Toll,$2.21,5/13/2022,8:07:25,AM,LocalTransaction,4,KennedyBridge,-,SB,7020623,,
Toll,$2.21,5/12/2022,4:31:12,PM,LocalTransaction,2,EastEndCrossing,-,NB,7020623,,
Toll,$2.21,5/12/2022,2:15:21,PM,LocalTransaction,2,EastEndCrossing,-,NB,6712755,,
Toll,$2.21,5/12/2022,7:56:30,AM,LocalTransaction,3,EastEndCrossing,-,SB,7020623,,
Toll,$2.21,5/11/2022,4:19:27,PM,LocalTransaction,3,EastEndCrossing,-,NB,7020623,,
Toll,$2.21,5/11/2022,2:15:14,PM,LocalTransaction,3,EastEndCrossing,-,NB,6712755,,
Toll,$2.21,5/11/2022,12:33:21,PM,LocalTransaction,2,KennedyBridge,-,SB,6712755,,
Toll,$2.21,5/11/2022,7:47:55,AM,LocalTransaction,3,EastEndCrossing,-,SB,7020623,,
Toll,$2.21,5/10/2022,5:36:25,PM,LocalTransaction,3,EastEndCrossing,-,NB,7020623,,
Toll,$2.21,5/10/2022,7:45:59,AM,LocalTransaction,3,EastEndCrossing,-,SB,7020623,,
Toll,$2.21,5/9/2022,6:16:21,PM,LocalTransaction,3,EastEndCrossing,-,NB,7020623,,
Toll,$2.21,5/9/2022,4:20:51,PM,LocalTransaction,2,EastEndCrossing,-,NB,6712755,,
Toll,$2.21,5/9/2022,7:33:46,AM,LocalTransaction,3,EastEndCrossing,-,SB,7020623,,
Toll,$2.21,5/6/2022,5:40:08,PM,LocalTransaction,2,EastEndCrossing,-,NB,7020623,,
Toll,$2.21,5/6/2022,7:54:48,AM,LocalTransaction,3,EastEndCrossing,-,SB,7020623,,
Toll,$2.21,5/5/2022,3:08:03,PM,LocalTransaction,2,EastEndCrossing,-,NB,7020623,,
Toll,$2.21,5/5/2022,7:57:08,AM,LocalTransaction,3,EastEndCrossing,-,SB,7020623,,
Toll,$2.21,5/4/2022,3:04:56,PM,LocalTransaction,2,LincolnBridge,-,NB,7020623,,
Toll,$2.21,5/4/2022,7:46:16,AM,LocalTransaction,3,EastEndCrossing,-,SB,7020623,,
Toll,$2.21,5/3/2022,5:27:53,PM,LocalTransaction,3,EastEndCrossing,-,NB,7020623,,
Toll,$2.21,5/3/2022,4:00:14,PM,LocalTransaction,2,LincolnBridge,-,NB,6712755,,
Toll,$2.21,5/3/2022,3:12:18,PM,LocalTransaction,2,KennedyBridge,-,SB,6712755,,
Toll,$2.21,5/3/2022,1:34:21,PM,LocalTransaction,2,LincolnBridge,-,NB-Exit0,6712755,,
Toll,$2.21,5/3/2022,10:37:58,AM,LocalTransaction,2,KennedyBridge,-,SB,6712755,,
Toll,$2.21,5/3/2022,7:56:17,AM,LocalTransaction,3,EastEndCrossing,-,SB,7020623,,
Toll,$2.21,5/2/2022,5:34:18,PM,LocalTransaction,3,EastEndCrossing,-,NB,7020623,,
Toll,$2.21,5/2/2022,3:45:33,PM,LocalTransaction,3,EastEndCrossing,-,NB,6712755,,
Toll,$2.21,5/2/2022,2:20:13,PM,LocalTransaction,2,KennedyBridge,-,SB,6712755,,
Toll,$2.21,5/2/2022,7:52:42,AM,LocalTransaction,2,EastEndCrossing,-,SB,7020623,,
Toll,$2.21,4/29/2022,5:01:19,PM,LocalTransaction,2,EastEndCrossing,-,NB,7020623,,
Toll,$2.21,4/29/2022,11:09:50,AM,vTollTransaction,3,LincolnBridge,-,NB,,825ZYS,
Toll,$2.21,4/29/2022,10:18:24,AM,vTollTransaction,2,KennedyBridge,-,SB,,825ZYS,
Toll,$2.21,4/29/2022,7:56:03,AM,LocalTransaction,2,EastEndCrossing,-,SB,7020623,,
Toll,$2.21,4/28/2022,5:40:02,PM,LocalTransaction,3,EastEndCrossing,-,NB,7020623,,
Toll,$2.21,4/28/2022,7:50:07,AM,LocalTransaction,3,EastEndCrossing,-,SB,7020623,,
Toll,$2.21,4/27/2022,5:23:02,PM,LocalTransaction,3,EastEndCrossing,-,NB,7020623,,
Toll,$2.21,4/27/2022,1:44:20,PM,vTollTransaction,3,LincolnBridge,-,NB,,825ZYS,
Toll,$2.21,4/27/2022,11:42:19,AM,vTollTransaction,2,KennedyBridge,-,SB,,825ZYS,
Toll,$2.21,4/27/2022,7:48:07,AM,LocalTransaction,3,EastEndCrossing,-,SB,7020623,,
Toll,$2.21,4/26/2022,5:26:51,PM,LocalTransaction,3,EastEndCrossing,-,NB,7020623,,
Toll,$2.21,4/26/2022,7:47:30,AM,LocalTransaction,3,EastEndCrossing,-,SB,7020623,,
Toll,$2.21,4/25/2022,5:28:06,PM,LocalTransaction,3,EastEndCrossing,-,NB,7020623,,
Toll,$2.21,4/25/2022,7:43:46,AM,LocalTransaction,3,EastEndCrossing,-,SB,7020623,,
Toll,$2.21,4/23/2022,8:57:13,AM,LocalTransaction,2,LincolnBridge,-,NB,6369620,,
Toll,$2.21,4/23/2022,8:51:05,AM,LocalTransaction,4,KennedyBridge,-,SB,6369620,,
Toll,$2.21,4/22/2022,5:40:12,PM,LocalTransaction,3,EastEndCrossing,-,NB,7020623,,
Toll,$2.21,4/22/2022,7:50:50,AM,LocalTransaction,3,EastEndCrossing,-,SB,7020623,,
Toll,$2.21,4/21/2022,4:55:34,PM,LocalTransaction,3,EastEndCrossing,-,NB,7020623,,
Toll,$2.21,4/21/2022,4:11:05,PM,LocalTransaction,2,LincolnBridge,-,NB-Exit0,6712755,,
Toll,$2.21,4/21/2022,1:03:28,PM,LocalTransaction,2,KennedyBridge,-,SB,6712755,,
Toll,$2.21,4/21/2022,7:51:20,AM,LocalTransaction,3,EastEndCrossing,-,SB,7020623,,
Toll,$2.21,4/20/2022,6:28:02,PM,LocalTransaction,3,EastEndCrossing,-,NB,7020623,,
Toll,$2.21,4/20/2022,1:31:31,PM,LocalTransaction,2,LincolnBridge,-,NB-Exit0,6712755,,
Toll,$2.21,4/20/2022,9:19:32,AM,LocalTransaction,3,EastEndCrossing,-,SB,7020623,,
Toll,$2.21,4/19/2022,5:25:35,PM,LocalTransaction,3,EastEndCrossing,-,NB,7020623,,
Toll,$2.21,4/19/2022,5:04:59,PM,LocalTransaction,3,EastEndCrossing,-,NB,6712755,,
Toll,$2.21,4/19/2022,7:58:26,AM,LocalTransaction,2,EastEndCrossing,-,SB,7020623,,
Toll,$2.21,4/18/2022,5:25:08,PM,LocalTransaction,3,EastEndCrossing,-,NB,7020623,,
Toll,$2.21,4/18/2022,7:59:53,AM,LocalTransaction,3,EastEndCrossing,-,SB,7020623,,
Toll,$2.21,4/15/2022,3:23:38,PM,LocalTransaction,2,EastEndCrossing,-,NB,7020623,,
Toll,$2.21,4/15/2022,7:59:18,AM,LocalTransaction,3,EastEndCrossing,-,SB,7020623,,
Toll,$2.21,4/14/2022,5:31:32,PM,LocalTransaction,3,EastEndCrossing,-,NB,7020623,,
Toll,$2.21,4/14/2022,5:15:34,PM,LocalTransaction,5,LincolnBridge,-,NB,6712755,,
Toll,$2.21,4/14/2022,4:04:11,PM,vTollTransaction,2,KennedyBridge,-,SB,,825ZYS,
Toll,$2.21,4/14/2022,7:47:26,AM,LocalTransaction,3,EastEndCrossing,-,SB,7020623,,
Toll,$2.21,4/13/2022,6:39:56,PM,LocalTransaction,3,EastEndCrossing,-,NB,7020623,,
Toll,$2.21,4/13/2022,12:03:14,PM,LocalTransaction,2,LincolnBridge,-,NB-Exit0,6712755,,
Toll,$2.21,4/13/2022,10:48:14,AM,LocalTransaction,3,EastEndCrossing,-,SB,6712755,,
Toll,$2.21,4/13/2022,7:48:23,AM,LocalTransaction,3,EastEndCrossing,-,SB,7020623,,
Toll,$2.21,4/12/2022,5:04:32,PM,LocalTransaction,3,EastEndCrossing,-,NB,7020623,,
Toll,$2.21,4/12/2022,7:57:06,AM,LocalTransaction,3,EastEndCrossing,-,SB,7020623,,
Toll,$2.21,4/11/2022,5:47:06,PM,LocalTransaction,3,EastEndCrossing,-,NB,7020623,,
Toll,$2.21,4/11/2022,1:01:39,PM,LocalTransaction,2,LincolnBridge,-,NB-Exit0,6712755,,
Toll,$2.21,4/11/2022,7:49:04,AM,LocalTransaction,3,EastEndCrossing,-,SB,7020623,,
Toll,$2.21,4/10/2022,5:32:01,PM,LocalTransaction,2,LincolnBridge,-,NB,6712755,,
Toll,$2.21,4/8/2022,10:56:08,PM,LocalTransaction,5,LincolnBridge,-,NB,7020623,,
Toll,$2.21,4/8/2022,7:18:42,PM,LocalTransaction,3,EastEndCrossing,-,SB,7020623,,
Toll,$2.21,4/8/2022,6:31:36,PM,LocalTransaction,2,LincolnBridge,-,NB,6712755,,
Toll,$2.21,4/8/2022,4:50:14,PM,LocalTransaction,3,EastEndCrossing,-,NB,7020623,,
Toll,$2.21,4/8/2022,4:36:27,PM,vTollTransaction,6,KennedyBridge,-,SB,,825ZYS,
Toll,$2.21,4/8/2022,7:46:54,AM,LocalTransaction,3,EastEndCrossing,-,SB,7020623,,
Toll,$2.21,4/7/2022,5:43:11,PM,LocalTransaction,3,EastEndCrossing,-,NB,7020623,,
Toll,$2.21,4/7/2022,7:51:46,AM,LocalTransaction,3,EastEndCrossing,-,SB,7020623,,
Toll,$2.21,4/6/2022,6:22:22,PM,LocalTransaction,2,LincolnBridge,-,NB,6712755,,
Toll,$2.21,4/6/2022,4:53:12,PM,LocalTransaction,3,EastEndCrossing,-,NB,7020623,,
Toll,$2.21,4/6/2022,7:47:13,AM,LocalTransaction,3,EastEndCrossing,-,SB,7020623,,
Toll,$2.21,4/5/2022,5:04:12,PM,LocalTransaction,3,EastEndCrossing,-,NB,7020623,,
Toll,$2.21,4/5/2022,7:51:06,AM,LocalTransaction,2,EastEndCrossing,-,SB,7020623,,
Toll,$2.21,4/4/2022,4:58:22,PM,LocalTransaction,2,EastEndCrossing,-,NB,7020623,,
Toll,$2.21,4/4/2022,7:50:40,AM,LocalTransaction,3,EastEndCrossing,-,SB,7020623,,
Toll,$2.21,4/2/2022,2:56:01,PM,LocalTransaction,2,LincolnBridge,-,NB-Exit0,6712755,,
Toll,$2.21,4/2/2022,11:59:57,AM,LocalTransaction,2,KennedyBridge,-,SB,6712755,,
Toll,$2.21,4/1/2022,5:07:49,PM,LocalTransaction,3,EastEndCrossing,-,NB,7020623,,
Toll,$2.21,4/1/2022,10:52:16,AM,LocalTransaction,2,LincolnBridge,-,NB-Exit0,6712755,,
Toll,$2.21,4/1/2022,7:48:42,AM,LocalTransaction,3,EastEndCrossing,-,SB,7020623,,
Toll,$2.21,3/31/2022,9:55:44,PM,LocalTransaction,2,EastEndCrossing,-,NB,6712755,,
Toll,$2.21,3/31/2022,5:43:11,PM,LocalTransaction,2,KennedyBridge,-,SB,6712755,,
Toll,$2.21,3/31/2022,5:04:08,PM,LocalTransaction,3,EastEndCrossing,-,NB,7020623,,
Toll,$2.21,3/31/2022,7:57:22,AM,LocalTransaction,3,EastEndCrossing,-,SB,7020623,,
Toll,$2.21,3/30/2022,3:02:33,PM,LocalTransaction,2,EastEndCrossing,-,NB,7020623,,
Toll,$2.21,3/30/2022,7:22:03,AM,LocalTransaction,3,EastEndCrossing,-,SB,7020623,,
Toll,$2.21,3/29/2022,4:59:03,PM,LocalTransaction,2,EastEndCrossing,-,NB,7020623,,
Toll,$2.21,3/29/2022,4:49:26,PM,LocalTransaction,2,LincolnBridge,-,NB-Exit0,6712755,,
Toll,$2.21,3/29/2022,3:11:19,PM,vTollTransaction,4,KennedyBridge,-,SB,,825ZYS,
Toll,$2.21,3/29/2022,7:45:20,AM,LocalTransaction,2,EastEndCrossing,-,SB,7020623,,
Toll,$2.21,3/28/2022,5:32:14,PM,LocalTransaction,2,EastEndCrossing,-,NB,7020623,,
Toll,$2.21,3/28/2022,11:20:09,AM,LocalTransaction,2,LincolnBridge,-,NB-Exit0,6712755,,
Toll,$2.21,3/28/2022,10:23:06,AM,LocalTransaction,2,KennedyBridge,-,SB,6712755,,
Toll,$2.21,3/28/2022,7:49:02,AM,LocalTransaction,3,EastEndCrossing,-,SB,7020623,,
Toll,$2.21,3/26/2022,4:19:54,PM,LocalTransaction,2,LincolnBridge,-,NB,6712755,,
Toll,$2.21,3/25/2022,6:28:16,PM,LocalTransaction,3,EastEndCrossing,-,NB,6712755,,
Toll,$2.21,3/25/2022,5:05:30,PM,LocalTransaction,3,EastEndCrossing,-,NB,7020623,,
Toll,$2.21,3/25/2022,7:58:31,AM,LocalTransaction,3,EastEndCrossing,-,SB,7020623,,
Toll,$2.21,3/24/2022,4:59:13,PM,LocalTransaction,3,EastEndCrossing,-,NB,7020623,,
Toll,$2.21,3/24/2022,7:51:56,AM,LocalTransaction,3,EastEndCrossing,-,SB,7020623,,
Toll,$2.21,3/23/2022,5:27:52,PM,LocalTransaction,3,EastEndCrossing,-,NB,7020623,,
Toll,$2.21,3/23/2022,7:46:59,AM,LocalTransaction,3,EastEndCrossing,-,SB,7020623,,
Toll,$2.21,3/22/2022,4:37:02,PM,LocalTransaction,3,EastEndCrossing,-,NB,7020623,,
Toll,$2.21,3/22/2022,4:02:09,PM,LocalTransaction,2,LincolnBridge,-,NB-Exit0,6712755,,
Toll,$2.21,3/22/2022,1:42:27,PM,LocalTransaction,2,KennedyBridge,-,SB,6712755,,
Toll,$2.21,3/22/2022,7:55:41,AM,LocalTransaction,2,EastEndCrossing,-,SB,7020623,,
Toll,$2.21,3/22/2022,7:55:15,AM,LocalTransaction,2,EastEndCrossing,-,SB,6712755,,
Toll,$2.21,3/21/2022,5:31:28,PM,LocalTransaction,2,EastEndCrossing,-,NB,7020623,,
Toll,$2.21,3/21/2022,12:32:58,PM,LocalTransaction,2,EastEndCrossing,-,SB,7020623,,
Toll,$2.21,3/21/2022,11:47:49,AM,LocalTransaction,2,EastEndCrossing,-,NB,7020623,,
Toll,$2.21,3/21/2022,7:58:51,AM,LocalTransaction,3,EastEndCrossing,-,SB,7020623,,
Toll,$2.21,3/20/2022,12:30:23,AM,LocalTransaction,5,LincolnBridge,-,NB,7020623,,
Toll,$2.21,3/19/2022,11:33:37,PM,LocalTransaction,6,KennedyBridge,-,SB,7020623,,
Toll,$2.21,3/17/2022,4:49:45,PM,LocalTransaction,3,EastEndCrossing,-,NB,7020623,,
Toll,$2.21,3/17/2022,7:51:08,AM,LocalTransaction,3,EastEndCrossing,-,SB,7020623,,
Toll,$2.21,3/16/2022,4:47:57,PM,LocalTransaction,3,EastEndCrossing,-,NB,7020623,,
Toll,$2.21,3/16/2022,8:04:35,AM,LocalTransaction,2,EastEndCrossing,-,SB,7020623,,
Toll,$2.21,3/15/2022,4:34:43,PM,LocalTransaction,3,EastEndCrossing,-,NB,7020623,,
Toll,$2.21,3/15/2022,7:51:24,AM,LocalTransaction,3,EastEndCrossing,-,SB,7020623,,
Toll,$2.21,3/14/2022,5:01:58,PM,LocalTransaction,2,EastEndCrossing,-,NB,7020623,,
Toll,$2.21,3/14/2022,7:57:36,AM,LocalTransaction,3,EastEndCrossing,-,SB,7020623,,
Toll,$2.21,3/12/2022,12:14:34,PM,LocalTransaction,5,LincolnBridge,-,NB,7020623,,
Toll,$2.21,3/12/2022,11:55:43,AM,LocalTransaction,6,KennedyBridge,-,SB,7020623,,
Toll,$2.21,3/11/2022,2:41:48,PM,LocalTransaction,3,EastEndCrossing,-,NB,7020623,,
Toll,$2.21,3/11/2022,7:56:31,AM,LocalTransaction,3,EastEndCrossing,-,SB,7020623,,
Toll,$2.21,3/10/2022,5:15:22,PM,LocalTransaction,3,EastEndCrossing,-,NB,7020623,,
Toll,$2.21,3/10/2022,8:15:51,AM,LocalTransaction,3,EastEndCrossing,-,SB,7020623,,
Toll,$2.21,3/9/2022,5:40:43,PM,LocalTransaction,3,EastEndCrossing,-,NB,7020623,,
Toll,$2.21,3/9/2022,7:53:31,AM,LocalTransaction,3,EastEndCrossing,-,SB,7020623,,
Toll,$2.21,3/8/2022,7:46:16,PM,LocalTransaction,5,LincolnBridge,-,NB,6712755,,
Toll,$2.21,3/8/2022,6:04:05,PM,LocalTransaction,2,EastEndCrossing,-,SB,6712755,,
Toll,$2.21,3/8/2022,4:09:58,PM,LocalTransaction,2,EastEndCrossing,-,NB,7020623,,
Toll,$2.21,3/8/2022,7:52:52,AM,LocalTransaction,2,EastEndCrossing,-,SB,7020623,,
Toll,$2.21,3/7/2022,5:52:54,PM,LocalTransaction,3,EastEndCrossing,-,NB,7020623,,
Toll,$2.21,3/7/2022,11:33:11,AM,LocalTransaction,2,LincolnBridge,-,NB-Exit0,6712755,,
Toll,$2.21,3/7/2022,10:31:32,AM,LocalTransaction,2,KennedyBridge,-,SB,6712755,,
Toll,$2.21,3/7/2022,9:38:28,AM,LocalTransaction,3,KennedyBridge,-,SB,7020623,,
Toll,$2.21,3/4/2022,4:46:22,PM,LocalTransaction,3,EastEndCrossing,-,NB,7020623,,
Toll,$2.21,3/4/2022,11:14:56,AM,LocalTransaction,2,LincolnBridge,-,NB-Exit0,6712755,,
Toll,$2.21,3/4/2022,8:05:51,AM,LocalTransaction,3,EastEndCrossing,-,SB,7020623,,
Toll,$2.21,3/3/2022,6:02:33,PM,LocalTransaction,2,LincolnBridge,-,NB-Exit0,6712755,,
Toll,$2.21,3/3/2022,4:37:52,PM,LocalTransaction,3,EastEndCrossing,-,NB,7020623,,
Toll,$2.21,3/3/2022,3:47:20,PM,vTollTransaction,5,KennedyBridge,-,SB,,825ZYS,
Toll,$2.21,3/3/2022,8:08:06,AM,LocalTransaction,3,EastEndCrossing,-,SB,7020623,,
Toll,$2.21,3/2/2022,4:29:08,PM,LocalTransaction,3,EastEndCrossing,-,NB,7020623,,
Toll,$2.21,3/2/2022,7:49:44,AM,LocalTransaction,3,EastEndCrossing,-,SB,7020623,,
Toll,$2.21,3/1/2022,4:07:35,PM,LocalTransaction,3,EastEndCrossing,-,NB,7020623,,
Toll,$2.21,3/1/2022,7:46:06,AM,LocalTransaction,2,EastEndCrossing,-,SB,7020623,,
Toll,$2.21,2/28/2022,4:52:38,PM,LocalTransaction,3,EastEndCrossing,-,NB,7020623,,
Toll,$2.21,2/28/2022,8:09:02,AM,LocalTransaction,3,EastEndCrossing,-,SB,7020623,,
Toll,$2.21,2/25/2022,4:43:16,PM,LocalTransaction,3,EastEndCrossing,-,NB,7020623,,
Toll,$2.21,2/25/2022,8:10:33,AM,LocalTransaction,2,EastEndCrossing,-,SB,7020623,,
Toll,$2.21,2/24/2022,6:13:02,PM,LocalTransaction,6,KennedyBridge,-,SB,7020623,,
Toll,$2.21,2/24/2022,4:30:02,PM,LocalTransaction,3,EastEndCrossing,-,NB,7020623,,
Toll,$2.21,2/24/2022,8:10:34,AM,LocalTransaction,3,EastEndCrossing,-,SB,7020623,,
Toll,$2.21,2/23/2022,4:43:56,PM,LocalTransaction,3,EastEndCrossing,-,NB,7020623,,
Toll,$2.21,2/23/2022,10:10:56,AM,LocalTransaction,2,LincolnBridge,-,NB-Exit0,6712755,,
Toll,$2.21,2/23/2022,9:33:20,AM,vTollTransaction,2,KennedyBridge,-,SB,,825ZYS,
Toll,$2.21,2/23/2022,8:02:05,AM,LocalTransaction,3,EastEndCrossing,-,SB,7020623,,
Toll,$2.21,2/22/2022,5:22:14,PM,LocalTransaction,2,EastEndCrossing,-,NB,7020623,,
Toll,$2.21,2/22/2022,4:59:00,PM,LocalTransaction,2,LincolnBridge,-,NB,6712755,,
Toll,$2.21,2/22/2022,2:51:53,PM,LocalTransaction,3,EastEndCrossing,-,SB,6712755,,
Toll,$2.21,2/22/2022,8:18:09,AM,LocalTransaction,3,EastEndCrossing,-,SB,7020623,,
Toll,$2.21,2/21/2022,1:53:43,PM,LocalTransaction,3,EastEndCrossing,-,NB,7020623,,
Toll,$2.21,2/21/2022,8:10:57,AM,LocalTransaction,2,EastEndCrossing,-,SB,7020623,,
Toll,$2.21,2/19/2022,2:16:07,PM,LocalTransaction,2,LincolnBridge,-,NB-Exit0,6712755,,
Toll,$2.21,2/19/2022,12:58:19,PM,LocalTransaction,3,EastEndCrossing,-,SB,6712755,,
Toll,$2.21,2/18/2022,3:28:08,PM,LocalTransaction,2,LincolnBridge,-,NB,7020623,,
Toll,$2.21,2/18/2022,8:03:44,AM,LocalTransaction,2,EastEndCrossing,-,SB,7020623,,
Toll,$2.21,2/17/2022,4:53:35,PM,LocalTransaction,3,EastEndCrossing,-,NB,7020623,,
Toll,$2.21,2/17/2022,8:13:26,AM,LocalTransaction,3,EastEndCrossing,-,SB,7020623,,
Toll,$2.21,2/16/2022,4:49:12,PM,LocalTransaction,3,EastEndCrossing,-,NB,7020623,,
Toll,$2.21,2/16/2022,8:13:14,AM,LocalTransaction,2,EastEndCrossing,-,SB,7020623,,
Toll,$2.21,2/15/2022,4:49:28,PM,LocalTransaction,3,EastEndCrossing,-,NB,7020623,,
Toll,$2.21,2/15/2022,12:27:44,PM,vTollTransaction,2,EastEndCrossing,-,NB,,825ZYS,
Toll,$2.21,2/15/2022,8:17:49,AM,LocalTransaction,3,EastEndCrossing,-,SB,7020623,,
Toll,$2.21,2/14/2022,4:49:54,PM,LocalTransaction,3,EastEndCrossing,-,NB,7020623,,
Toll,$2.21,2/14/2022,1:40:45,PM,LocalTransaction,4,LincolnBridge,-,NB,6712755,,
Toll,$2.21,2/14/2022,12:29:33,PM,LocalTransaction,3,EastEndCrossing,-,SB,6712755,,
Toll,$2.21,2/14/2022,8:32:42,AM,LocalTransaction,2,EastEndCrossing,-,SB,7020623,,
Toll,$2.21,2/8/2022,4:45:32,PM,LocalTransaction,2,LincolnBridge,-,NB,6712755,,
Toll,$2.21,2/8/2022,3:26:35,PM,LocalTransaction,2,KennedyBridge,-,SB,6712755,,
Toll,$2.21,2/7/2022,5:50:25,PM,vTollTransaction,6,LincolnBridge,-,NB,,825ZYS,
Toll,$2.21,2/2/2022,11:48:28,AM,LocalTransaction,2,LincolnBridge,-,NB-Exit0,6712755,,
Toll,$2.21,2/2/2022,10:22:44,AM,vTollTransaction,2,KennedyBridge,-,SB,,825ZYS,
Toll,$2.21,1/31/2022,6:55:12,PM,vTollTransaction,3,EastEndCrossing,-,NB,,825ZYS,
Toll,$2.21,1/31/2022,10:53:34,AM,LocalTransaction,2,LincolnBridge,-,NB,6712755,,
Toll,$2.21,1/31/2022,10:18:02,AM,LocalTransaction,2,EastEndCrossing,-,NB,7020623,,
Toll,$2.21,1/31/2022,7:58:11,AM,LocalTransaction,3,EastEndCrossing,-,SB,7020623,,
Toll,$2.21,1/29/2022,2:51:42,PM,LocalTransaction,4,LincolnBridge,-,NB,7020623,,
Toll,$2.21,1/29/2022,1:03:56,PM,LocalTransaction,4,KennedyBridge,-,SB,7020623,,
Toll,$5.53,1/28/2022,4:31:51,PM,LocalTransaction,2,LincolnBridge,-,NB-Exit0,6712755,,
Toll,$2.21,1/24/2022,2:15:47,PM,LocalTransaction,2,LincolnBridge,-,NB-Exit0,6712755,,
Toll,$2.21,1/24/2022,1:27:07,PM,LocalTransaction,4,KennedyBridge,-,SB,6712755,,
Toll,$2.21,1/22/2022,4:45:46,PM,LocalTransaction,3,EastEndCrossing,-,NB,7020623,,
Toll,$2.21,1/22/2022,3:16:12,PM,LocalTransaction,2,EastEndCrossing,-,SB,7020623,,
Toll,$2.21,1/21/2022,6:20:39,PM,LocalTransaction,3,LincolnBridge,-,NB,6712755,,
Toll,$2.21,1/17/2022,12:44:20,PM,vTollTransaction,3,LincolnBridge,-,NB,,825ZYS,
Toll,$2.21,1/10/2022,12:41:36,PM,LocalTransaction,3,LincolnBridge,-,NB,6712755,,
Toll,$2.21,1/10/2022,12:07:43,PM,vTollTransaction,2,KennedyBridge,-,SB,,825ZYS,
Toll,$2.21,1/8/2022,1:48:02,PM,LocalTransaction,4,LincolnBridge,-,NB,6712755,,
Toll,$2.21,1/5/2022,5:02:04,PM,vTollTransaction,3,LincolnBridge,-,NB,,825ZYS,
Toll,$2.21,1/5/2022,3:35:02,PM,LocalTransaction,3,KennedyBridge,-,SB,6712755,,
Toll,$2.21,1/1/2022,9:06:29,PM,LocalTransaction,5,LincolnBridge,-,NB,7020623,,
Toll,$2.21,12/30/2021,8:57:34,AM,LocalTransaction,5,KennedyBridge,-,SB,7020623,,
Toll,$2.21,12/29/2021,2:17:52,PM,LocalTransaction,2,LincolnBridge,-,NB-Exit0,6712755,,
Toll,$2.21,12/29/2021,2:01:46,PM,LocalTransaction,2,KennedyBridge,-,SB,6712755,,
Toll,$2.21,12/28/2021,3:46:16,PM,vTollTransaction,2,EastEndCrossing,-,NB,,825ZYS,
Toll,$2.21,12/22/2021,3:31:09,PM,vTollTransaction,3,EastEndCrossing,-,NB,,825ZYS,
Toll,$2.21,12/22/2021,11:15:04,AM,LocalTransaction,2,KennedyBridge,-,SB,6712755,,
Toll,$2.21,12/20/2021,12:28:19,PM,LocalTransaction,2,LincolnBridge,-,NB-Exit0,6712755,,
Toll,$2.21,12/20/2021,10:07:42,AM,LocalTransaction,2,KennedyBridge,-,SB,6712755,,
Toll,$2.21,12/19/2021,2:05:15,PM,vTollTransaction,2,EastEndCrossing,-,SB,,825ZYS,
Toll,$2.21,12/18/2021,5:27:55,PM,LocalTransaction,3,EastEndCrossing,-,NB,6712755,,
Toll,$2.21,12/18/2021,4:26:32,PM,vTollTransaction,3,EastEndCrossing,-,SB,,825ZYS,
Toll,$2.21,12/16/2021,3:38:41,PM,vTollTransaction,2,KennedyBridge,-,SB,,825ZYS,
Toll,$2.21,12/15/2021,12:20:29,PM,LocalTransaction,2,LincolnBridge,-,NB-Exit0,6712755,,
Toll,$2.21,12/15/2021,10:36:14,AM,vTollTransaction,2,KennedyBridge,-,SB,,825ZYS,
Toll,$2.21,12/14/2021,5:40:53,PM,vTollTransaction,3,EastEndCrossing,-,NB,,825ZYS,
Toll,$2.21,12/14/2021,4:54:04,PM,LocalTransaction,2,EastEndCrossing,-,SB,6712755,,
Toll,$2.21,12/9/2021,1:37:31,PM,LocalTransaction,2,KennedyBridge,-,SB,6712755,,
Toll,$2.21,12/8/2021,12:06:17,PM,LocalTransaction,2,EastEndCrossing,-,NB,6712755,,
Toll,$2.21,12/7/2021,2:33:38,PM,LocalTransaction,3,EastEndCrossing,-,NB,7020623,,
Toll,$2.21,12/7/2021,10:46:04,AM,LocalTransaction,3,EastEndCrossing,-,SB,7020623,,
Toll,$2.21,12/2/2021,4:43:39,PM,LocalTransaction,2,EastEndCrossing,-,NB,6712755,,
Toll,$2.21,11/29/2021,10:43:30,AM,vTollTransaction,6,LincolnBridge,-,NB,,825ZYS,
Toll,$2.21,11/27/2021,4:26:19,PM,vTollTransaction,6,LincolnBridge,-,NB,,825ZYS,
Toll,$2.21,11/23/2021,2:15:47,PM,LocalTransaction,2,LincolnBridge,-,NB-Exit0,6712755,,
Toll,$2.21,11/19/2021,3:43:21,PM,vTollTransaction,2,KennedyBridge,-,SB,,825ZYS,
Toll,$2.21,11/18/2021,10:22:42,AM,LocalTransaction,4,KennedyBridge,-,SB,6712755,,
Toll,$2.21,11/16/2021,2:33:55,PM,vTollTransaction,6,KennedyBridge,-,SB,,825ZYS,
Toll,$2.21,11/15/2021,1:05:13,PM,LocalTransaction,3,EastEndCrossing,-,SB,6712755,,
Toll,$2.21,11/14/2021,4:21:30,PM,LocalTransaction,3,EastEndCrossing,-,NB,7020623,,
Toll,$2.21,11/14/2021,3:27:53,PM,LocalTransaction,3,EastEndCrossing,-,SB,7020623,,
Toll,$2.21,11/12/2021,1:36:22,PM,LocalTransaction,2,LincolnBridge,-,NB-Exit0,6712755,,
Toll,$2.21,11/12/2021,11:35:06,AM,LocalTransaction,2,KennedyBridge,-,SB,6712755,,
Toll,$2.21,11/8/2021,2:50:40,PM,vTollTransaction,3,LincolnBridge,-,NB,,825ZYS,
Toll,$2.21,11/8/2021,12:25:56,PM,LocalTransaction,3,EastEndCrossing,-,SB,6712755,,
Toll,$2.21,11/4/2021,4:20:44,PM,LocalTransaction,2,EastEndCrossing,-,NB,6712755,,
Toll,$2.21,11/4/2021,9:56:51,AM,LocalTransaction,3,EastEndCrossing,-,SB,6712755,,
Toll,$2.21,11/3/2021,5:16:59,PM,LocalTransaction,3,LincolnBridge,-,NB,6712755,,
Toll,$2.21,11/3/2021,3:09:12,PM,vTollTransaction,3,KennedyBridge,-,SB,,825ZYS,
Toll,$2.21,11/2/2021,11:02:25,AM,LocalTransaction,2,LincolnBridge,-,NB,6712755,,
Toll,$2.21,11/2/2021,10:05:08,AM,LocalTransaction,2,KennedyBridge,-,SB,6712755,,
Toll,$2.21,10/30/2021,5:36:15,PM,LocalTransaction,2,EastEndCrossing,-,NB,6712755,,
Toll,$2.21,10/30/2021,4:42:06,PM,LocalTransaction,3,EastEndCrossing,-,SB,6712755,,
Toll,$2.21,10/25/2021,7:06:46,PM,LocalTransaction,6,LincolnBridge,-,NB,6712755,,
Toll,$2.21,10/19/2021,11:49:18,AM,LocalTransaction,2,LincolnBridge,-,NB,6712755,,
Toll,$2.21,10/19/2021,10:34:11,AM,LocalTransaction,2,KennedyBridge,-,SB,6712755,,
Toll,$2.21,10/17/2021,3:33:46,PM,LocalTransaction,2,EastEndCrossing,-,NB,7020623,,
Toll,$2.21,10/17/2021,12:55:52,PM,LocalTransaction,5,KennedyBridge,-,SB,7020623,,
Toll,$2.21,10/15/2021,4:57:11,PM,LocalTransaction,6,LincolnBridge,-,NB,6712755,,
Toll,$2.21,10/14/2021,7:20:46,PM,LocalTransaction,6,LincolnBridge,-,NB,7020623,,
Toll,$2.21,10/14/2021,6:38:16,PM,LocalTransaction,7,KennedyBridge,-,SB,7020623,,
Toll,$2.21,10/7/2021,8:47:28,PM,LocalTransaction,3,EastEndCrossing,-,NB,6712755,,
Toll,$2.21,10/7/2021,5:55:55,PM,LocalTransaction,3,EastEndCrossing,-,SB,6712755,,
Toll,$2.21,10/7/2021,4:51:06,PM,LocalTransaction,6,LincolnBridge,-,NB,6712755,,
Toll,$2.21,10/7/2021,3:20:34,PM,LocalTransaction,6,KennedyBridge,-,SB,6712755,,
Toll,$2.21,9/28/2021,11:28:33,AM,LocalTransaction,2,LincolnBridge,-,NB,6712755,,
Toll,$2.21,9/28/2021,10:16:19,AM,LocalTransaction,2,KennedyBridge,-,SB,6712755,,
Toll,$2.21,9/23/2021,5:13:04,PM,LocalTransaction,5,LincolnBridge,-,NB,6712755,,
Toll,$2.21,9/22/2021,9:34:20,PM,vTollTransaction,5,LincolnBridge,-,NB,,358LJT,
Toll,$2.21,9/22/2021,9:06:24,PM,vTollTransaction,6,KennedyBridge,-,SB,,358LJT,
Toll,$2.21,9/17/2021,5:00:51,AM,vTollTransaction,5,LincolnBridge,-,NB,,358LJT,
Toll,$2.21,9/17/2021,4:41:40,AM,vTollTransaction,6,KennedyBridge,-,SB,,358LJT,
Toll,$2.21,9/16/2021,2:19:43,PM,LocalTransaction,2,LincolnBridge,-,NB-Exit0,6712755,,
Toll,$2.21,9/13/2021,2:45:54,PM,vTollTransaction,6,LincolnBridge,-,NB,,825ZYS,
Toll,$2.21,9/13/2021,1:55:00,PM,LocalTransaction,2,KennedyBridge,-,SB,6712755,,
Toll,$2.21,9/13/2021,1:04:06,PM,LocalTransaction,2,LincolnBridge,-,NB,6712755,,
Toll,$2.21,9/13/2021,12:00:31,PM,LocalTransaction,2,KennedyBridge,-,SB,6712755,,
Toll,$2.21,9/8/2021,3:55:06,PM,LocalTransaction,2,EastEndCrossing,-,NB,6712755,,
Toll,$2.21,9/3/2021,11:32:42,AM,LocalTransaction,2,LincolnBridge,-,NB,6712755,,
Toll,$2.21,9/3/2021,10:46:47,AM,LocalTransaction,5,KennedyBridge,-,SB,6712755,,
Toll,$2.21,9/1/2021,5:23:23,PM,LocalTransaction,2,EastEndCrossing,-,NB,6712755,,
Toll,$2.21,8/31/2021,1:22:50,PM,LocalTransaction,4,LincolnBridge,-,NB,6712755,,
Toll,$2.21,8/31/2021,10:01:44,AM,LocalTransaction,2,KennedyBridge,-,SB,6712755,,
Toll,$2.21,8/30/2021,4:00:42,PM,LocalTransaction,2,LincolnBridge,-,NB,6712755,,
Toll,$2.21,8/27/2021,12:37:23,PM,LocalTransaction,2,LincolnBridge,-,NB-Exit0,6712755,,
Toll,$2.21,8/23/2021,5:21:03,PM,LocalTransaction,2,LincolnBridge,-,NB,6712755,,
Toll,$2.21,8/20/2021,10:45:50,AM,LocalTransaction,2,LincolnBridge,-,NB-Exit0,6712755,,
Toll,$2.21,8/20/2021,9:58:22,AM,LocalTransaction,2,KennedyBridge,-,SB,6712755,,
Toll,$2.21,8/12/2021,2:47:55,PM,vTollTransaction,3,EastEndCrossing,-,NB,,825ZYS,
Toll,$2.21,8/10/2021,11:26:09,AM,LocalTransaction,6,LincolnBridge,-,NB,6712755,,
Toll,$2.21,8/6/2021,5:25:11,PM,LocalTransaction,4,KennedyBridge,-,SB,6712755,,
Toll,$2.21,8/3/2021,3:30:37,PM,LocalTransaction,2,EastEndCrossing,-,NB,6712755,,
Toll,$2.21,7/30/2021,2:43:53,PM,LocalTransaction,2,EastEndCrossing,-,NB,6712755,,
Toll,$2.21,7/28/2021,5:40:12,PM,LocalTransaction,2,LincolnBridge,-,NB,6712755,,
Toll,$2.21,7/19/2021,12:12:07,PM,LocalTransaction,2,LincolnBridge,-,NB-Exit0,6712755,,
Toll,$2.21,7/19/2021,9:50:34,AM,LocalTransaction,2,KennedyBridge,-,SB,6712755,,
Toll,$2.21,7/16/2021,3:45:34,PM,LocalTransaction,2,LincolnBridge,-,NB,6712755,,
Toll,$2.21,7/16/2021,2:11:42,PM,LocalTransaction,2,EastEndCrossing,-,SB,6712755,,
Toll,$2.21,7/15/2021,7:22:02,PM,LocalTransaction,3,EastEndCrossing,-,NB,6712755,,
Toll,$2.21,7/15/2021,3:21:23,PM,LocalTransaction,3,EastEndCrossing,-,SB,6712755,,
Toll,$2.21,7/15/2021,11:46:49,AM,LocalTransaction,2,LincolnBridge,-,NB-Exit0,6712755,,
Toll,$2.21,7/9/2021,11:02:50,AM,LocalTransaction,2,LincolnBridge,-,NB-Exit0,6712755,,
Toll,$2.21,7/8/2021,8:27:10,PM,vTollTransaction,3,EastEndCrossing,-,NB,,825ZYS,
Toll,$2.21,7/8/2021,4:19:16,PM,LocalTransaction,4,KennedyBridge,-,SB,6712755,,
Toll,$2.21,7/8/2021,3:51:52,PM,LocalTransaction,2,LincolnBridge,-,NB-Exit0,6712755,,
Toll,$2.21,7/7/2021,5:30:21,PM,LocalTransaction,3,KennedyBridge,-,SB,6712755,,
Toll,$2.15,6/22/2021,1:30:37,PM,LocalTransaction,2,LincolnBridge,-,NB-Exit0,6712755,,
Toll,$2.15,6/19/2021,6:17:07,PM,LocalTransaction,2,LincolnBridge,-,NB,6712755,,
Toll,$2.15,6/14/2021,3:06:48,PM,LocalTransaction,2,LincolnBridge,-,NB-Exit0,6712755,,
Toll,$2.15,6/10/2021,3:00:31,PM,LocalTransaction,2,LincolnBridge,-,NB-Exit0,6712755,,
Toll,$2.15,6/10/2021,10:32:12,AM,LocalTransaction,2,KennedyBridge,-,SB,6712755,,
Toll,$2.15,6/8/2021,1:31:15,PM,LocalTransaction,2,LincolnBridge,-,NB-Exit0,6712755,,
Toll,$2.15,6/3/2021,10:31:03,PM,LocalTransaction,2,EastEndCrossing,-,NB,6712755,,
Toll,$2.15,6/3/2021,7:33:20,PM,LocalTransaction,3,EastEndCrossing,-,SB,6712755,,
Toll,$2.15,6/2/2021,7:08:03,PM,LocalTransaction,3,EastEndCrossing,-,NB,6712755,,
Toll,$2.15,6/2/2021,1:53:42,PM,LocalTransaction,3,EastEndCrossing,-,SB,6712755,,
Toll,$2.15,5/21/2021,4:31:13,PM,LocalTransaction,3,LincolnBridge,-,NB,6712755,,
Toll,$2.15,5/18/2021,2:01:15,PM,LocalTransaction,2,LincolnBridge,-,NB,6712755,,
Toll,$2.15,5/15/2021,4:25:20,PM,LocalTransaction,3,EastEndCrossing,-,NB,6712755,,
Toll,$2.15,5/15/2021,3:10:00,PM,LocalTransaction,3,EastEndCrossing,-,SB,6712755,,
Toll,$2.15,5/14/2021,9:50:45,PM,LocalTransaction,2,LincolnBridge,-,NB,6712755,,
Toll,$2.15,5/14/2021,10:51:10,AM,LocalTransaction,2,LincolnBridge,-,NB-Exit0,6712755,,
Toll,$2.15,5/10/2021,1:35:47,PM,LocalTransaction,2,LincolnBridge,-,NB-Exit0,6712755,,
Toll,$2.15,5/10/2021,10:36:58,AM,LocalTransaction,2,KennedyBridge,-,SB,6712755,,
Toll,$2.15,5/3/2021,4:42:25,PM,LocalTransaction,2,KennedyBridge,-,SB,6712755,,
Toll,$2.15,5/2/2021,1:34:30,PM,LocalTransaction,3,EastEndCrossing,-,NB,6712755,,
Toll,$2.15,4/30/2021,4:38:45,PM,LocalTransaction,2,EastEndCrossing,-,SB,6712755,,
Toll,$2.15,4/30/2021,1:14:45,PM,LocalTransaction,2,LincolnBridge,-,NB-Exit0,6712755,,
Toll,$2.15,4/27/2021,11:17:00,AM,LocalTransaction,2,LincolnBridge,-,NB-Exit0,6712755,,
Toll,$2.15,4/22/2021,7:29:28,PM,LocalTransaction,2,EastEndCrossing,-,NB,6712755,,
Toll,$2.15,4/22/2021,1:24:00,PM,LocalTransaction,2,KennedyBridge,-,SB,6712755,,
Toll,$2.15,4/18/2021,4:50:54,PM,LocalTransaction,5,LincolnBridge,-,NB,6665380,,
Toll,$2.15,4/18/2021,3:41:28,PM,LocalTransaction,6,KennedyBridge,-,SB,6665380,,
Toll,$2.15,4/16/2021,3:41:37,PM,LocalTransaction,5,KennedyBridge,-,SB,6712755,,
Toll,$2.15,4/15/2021,11:23:45,AM,LocalTransaction,5,LincolnBridge,-,NB,6712755,,
Toll,$2.15,4/15/2021,10:29:59,AM,LocalTransaction,2,KennedyBridge,-,SB,6712755,,
Toll,$2.15,4/9/2021,2:32:45,PM,LocalTransaction,2,LincolnBridge,-,NB-Exit0,6712755,,
Toll,$2.15,4/6/2021,3:00:24,PM,LocalTransaction,2,EastEndCrossing,-,NB,6712755,,
Toll,$2.15,4/6/2021,10:17:09,AM,LocalTransaction,2,KennedyBridge,-,SB,6712755,,
Toll,$2.15,4/2/2021,11:45:02,AM,LocalTransaction,2,EastEndCrossing,-,NB,6712755,,
Toll,$2.15,4/2/2021,10:47:46,AM,LocalTransaction,2,EastEndCrossing,-,SB,6712755,,
Toll,$2.15,3/31/2021,4:52:37,PM,LocalTransaction,6,LincolnBridge,-,NB,6712755,,
Toll,$2.15,3/29/2021,2:59:41,PM,LocalTransaction,2,LincolnBridge,-,NB-Exit0,6712755,,
Toll,$2.15,3/28/2021,3:14:45,PM,LocalTransaction,3,LincolnBridge,-,NB,6712755,,
Toll,$2.15,3/28/2021,12:29:32,PM,LocalTransaction,5,KennedyBridge,-,SB,6712755,,
Toll,$2.15,3/26/2021,7:17:58,PM,LocalTransaction,2,KennedyBridge,-,SB,6665380,,
Toll,$2.15,3/23/2021,10:46:03,AM,LocalTransaction,2,LincolnBridge,-,NB-Exit0,6712755,,
Toll,$2.15,3/23/2021,9:51:24,AM,LocalTransaction,2,KennedyBridge,-,SB,6712755,,
Toll,$2.15,3/18/2021,2:47:58,PM,LocalTransaction,3,EastEndCrossing,-,NB,6712755,,
Toll,$2.15,3/18/2021,1:35:18,PM,LocalTransaction,3,EastEndCrossing,-,SB,6712755,,
Toll,$2.15,3/17/2021,4:32:01,PM,LocalTransaction,2,EastEndCrossing,-,SB,6712755,,
Toll,$2.15,3/16/2021,11:56:43,AM,LocalTransaction,2,LincolnBridge,-,NB-Exit0,6712755,,
Toll,$2.15,3/16/2021,10:02:30,AM,LocalTransaction,2,KennedyBridge,-,SB,6712755,,
Toll,$2.15,3/15/2021,3:50:06,PM,LocalTransaction,2,LincolnBridge,-,NB-Exit0,6712755,,
Toll,$2.15,3/15/2021,2:07:08,PM,LocalTransaction,7,KennedyBridge,-,SB,6712755,,
Toll,$2.15,3/13/2021,12:19:42,PM,LocalTransaction,6,KennedyBridge,-,SB,6665380,,
Toll,$2.15,3/11/2021,12:56:05,PM,LocalTransaction,2,EastEndCrossing,-,NB,6712755,,
Toll,$2.15,3/11/2021,12:03:25,PM,LocalTransaction,2,EastEndCrossing,-,SB,6712755,,
Toll,$2.15,3/10/2021,12:07:21,PM,LocalTransaction,2,LincolnBridge,-,NB-Exit0,6712755,,
Toll,$2.15,3/8/2021,12:38:23,PM,LocalTransaction,2,EastEndCrossing,-,SB,6712755,,
Toll,$2.15,3/2/2021,10:55:35,AM,LocalTransaction,2,LincolnBridge,-,NB-Exit0,6712755,,
Toll,$2.15,2/28/2021,2:02:42,PM,LocalTransaction,2,EastEndCrossing,-,NB,6712755,,
Toll,$2.15,2/26/2021,11:07:38,AM,LocalTransaction,2,LincolnBridge,-,NB-Exit0,6712755,,
Toll,$2.15,2/26/2021,10:06:59,AM,LocalTransaction,3,EastEndCrossing,-,SB,6712755,,
Toll,$2.15,2/25/2021,4:12:03,PM,LocalTransaction,2,LincolnBridge,-,NB-Exit0,6712755,,
Toll,$2.15,2/24/2021,4:23:35,PM,LocalTransaction,3,EastEndCrossing,-,NB,6712755,,
Toll,$2.15,2/23/2021,5:28:15,PM,LocalTransaction,2,EastEndCrossing,-,NB,6712755,,
Toll,$2.15,2/23/2021,4:56:17,PM,LocalTransaction,3,EastEndCrossing,-,SB,6712755,,
Toll,$2.15,2/22/2021,2:18:50,PM,LocalTransaction,2,LincolnBridge,-,NB-Exit0,6712755,,
Toll,$2.15,2/19/2021,9:51:17,AM,LocalTransaction,3,EastEndCrossing,-,SB,6712755,,
Toll,$2.15,2/11/2021,9:54:10,AM,LocalTransaction,3,EastEndCrossing,-,SB,6712755,,
Toll,$2.15,2/6/2021,5:30:40,PM,LocalTransaction,2,EastEndCrossing,-,NB,6712755,,
Toll,$2.15,2/5/2021,10:37:06,AM,LocalTransaction,3,EastEndCrossing,-,NB,6712755,,
Toll,$2.15,2/3/2021,7:23:39,PM,LocalTransaction,2,EastEndCrossing,-,NB,6712755,,
Toll,$2.15,2/3/2021,3:53:20,PM,LocalTransaction,7,KennedyBridge,-,SB,6712755,,
Toll,$2.15,2/1/2021,4:59:59,PM,LocalTransaction,3,EastEndCrossing,-,NB,6712755,,
Toll,$2.15,1/25/2021,12:29:31,PM,LocalTransaction,2,LincolnBridge,-,NB-Exit0,6712755,,
Toll,$2.15,1/22/2021,4:17:51,PM,LocalTransaction,2,EastEndCrossing,-,NB,6712755,,
Toll,$2.15,1/21/2021,11:58:05,AM,LocalTransaction,2,EastEndCrossing,-,NB,6712755,,
Toll,$2.15,1/21/2021,10:32:15,AM,LocalTransaction,2,EastEndCrossing,-,SB,6712755,,
Toll,$2.15,1/19/2021,3:34:40,PM,LocalTransaction,3,EastEndCrossing,-,NB,6712755,,
Toll,$2.15,1/19/2021,10:57:18,AM,LocalTransaction,2,EastEndCrossing,-,SB,6712755,,
Toll,$2.15,1/17/2021,5:49:50,PM,LocalTransaction,2,LincolnBridge,-,NB,6712755,,
Toll,$2.15,1/15/2021,2:56:35,PM,LocalTransaction,3,EastEndCrossing,-,NB,6712755,,
Toll,$2.15,1/15/2021,1:24:23,PM,LocalTransaction,2,EastEndCrossing,-,SB,6712755,,
Toll,$2.15,1/9/2021,6:20:08,PM,LocalTransaction,3,EastEndCrossing,-,NB,6712755,,
Toll,$2.15,1/6/2021,5:55:03,PM,LocalTransaction,2,EastEndCrossing,-,NB,6712755,,
Toll,$2.15,1/3/2021,4:27:43,PM,LocalTransaction,6,LincolnBridge,-,NB,6712755,,
Toll,$2.15,1/3/2021,2:42:40,PM,LocalTransaction,6,KennedyBridge,-,SB,6712755,,
Toll,$2.15,12/30/2020,10:11:32,AM,LocalTransaction,2,KennedyBridge,-,SB,6712755,,
Toll,$2.15,12/28/2020,12:01:34,PM,LocalTransaction,2,EastEndCrossing,-,NB,6712755,,
Toll,$2.15,12/28/2020,11:00:00,AM,LocalTransaction,3,EastEndCrossing,-,SB,6712755,,
Toll,$2.15,12/22/2020,4:59:05,PM,LocalTransaction,2,LincolnBridge,-,NB,6712755,,
Toll,$2.15,12/22/2020,2:18:15,PM,LocalTransaction,7,KennedyBridge,-,SB,6712755,,
Toll,$2.15,12/6/2020,2:57:49,PM,LocalTransaction,3,EastEndCrossing,-,NB,6712755,,
Toll,$2.15,12/6/2020,1:51:43,PM,LocalTransaction,3,EastEndCrossing,-,SB,6712755,,
Toll,$2.15,12/4/2020,1:56:43,PM,LocalTransaction,2,LincolnBridge,-,NB-Exit0,6712755,,
Toll,$2.15,12/4/2020,1:09:39,PM,LocalTransaction,3,EastEndCrossing,-,SB,6712755,,
Toll,$2.15,12/3/2020,4:20:32,PM,LocalTransaction,7,KennedyBridge,-,SB,6712755,,
Toll,$2.15,11/20/2020,4:48:00,PM,LocalTransaction,2,LincolnBridge,-,NB,6712755,,
Toll,$2.15,11/20/2020,2:13:52,PM,LocalTransaction,7,KennedyBridge,-,SB,6712755,,
Toll,$2.15,11/16/2020,2:47:10,PM,LocalTransaction,2,LincolnBridge,-,NB-Exit0,6712755,,
Toll,$2.15,11/16/2020,2:15:35,PM,LocalTransaction,7,KennedyBridge,-,SB,6712755,,
Toll,$2.15,11/13/2020,7:23:49,PM,LocalTransaction,3,EastEndCrossing,-,NB,6712755,,
Toll,$2.15,11/13/2020,6:10:22,PM,LocalTransaction,2,EastEndCrossing,-,SB,6712755,,
Toll,$2.15,11/10/2020,4:01:19,PM,LocalTransaction,6,LincolnBridge,-,NB,6712755,,
Toll,$2.15,11/10/2020,1:40:01,PM,LocalTransaction,2,KennedyBridge,-,SB,6712755,,
Toll,$2.15,11/7/2020,3:11:02,PM,LocalTransaction,3,EastEndCrossing,-,NB,6665380,,
Toll,$2.15,11/7/2020,2:40:52,PM,LocalTransaction,3,EastEndCrossing,-,SB,6665380,,
Toll,$2.15,11/5/2020,12:51:49,PM,LocalTransaction,3,LincolnBridge,-,NB,6712755,,
Toll,$2.15,11/2/2020,2:09:43,PM,LocalTransaction,2,LincolnBridge,-,NB-Exit0,6712755,,
Toll,$2.15,11/2/2020,9:26:08,AM,LocalTransaction,3,LincolnBridge,-,NB,6665380,,
Toll,$2.15,11/2/2020,8:39:06,AM,LocalTransaction,4,KennedyBridge,-,SB,6665380,,
Toll,$2.15,11/1/2020,8:02:13,PM,LocalTransaction,6,LincolnBridge,-,NB,6665380,,
Toll,$2.15,11/1/2020,7:39:18,PM,LocalTransaction,6,KennedyBridge,-,SB,6665380,,
Toll,$2.15,10/23/2020,6:31:31,AM,LocalTransaction,5,LincolnBridge,-,NB,6665380,,
Toll,$2.15,10/23/2020,6:12:07,AM,LocalTransaction,6,KennedyBridge,-,SB,6665380,,
Toll,$2.15,10/22/2020,4:22:57,PM,LocalTransaction,6,LincolnBridge,-,NB,6712755,,
Toll,$2.15,10/22/2020,3:41:15,PM,LocalTransaction,2,KennedyBridge,-,SB,6712755,,
Toll,$2.15,10/22/2020,3:35:53,PM,LocalTransaction,2,LincolnBridge,-,NB-Exit0,6712755,,
Toll,$2.15,10/14/2020,12:22:31,PM,LocalTransaction,2,LincolnBridge,-,NB-Exit0,6712755,,
Toll,$2.15,10/13/2020,1:41:20,PM,LocalTransaction,2,EastEndCrossing,-,SB,6712755,,
Toll,$2.15,10/7/2020,3:55:34,PM,LocalTransaction,2,LincolnBridge,-,NB,6712755,,
Toll,$2.15,10/7/2020,10:59:37,AM,LocalTransaction,3,EastEndCrossing,-,SB,6712755,,
Toll,$2.15,10/4/2020,5:22:45,PM,LocalTransaction,2,EastEndCrossing,-,NB,6712755,,
Toll,$2.15,10/4/2020,12:43:47,PM,LocalTransaction,3,EastEndCrossing,-,SB,6712755,,
Toll,$2.15,10/3/2020,2:22:48,PM,vTollTransaction,3,EastEndCrossing,-,NB,,825ZYS,
Toll,$2.15,10/3/2020,12:37:32,PM,LocalTransaction,2,EastEndCrossing,-,SB,6712755,,
Toll,$2.15,9/28/2020,4:40:51,PM,LocalTransaction,2,LincolnBridge,-,NB-Exit0,6712755,,
Toll,$2.15,9/28/2020,2:33:16,PM,LocalTransaction,3,EastEndCrossing,-,SB,6712755,,
Toll,$2.15,9/25/2020,7:51:40,PM,LocalTransaction,3,EastEndCrossing,-,NB,6712755,,
Toll,$2.15,9/25/2020,6:42:14,PM,LocalTransaction,3,EastEndCrossing,-,SB,6712755,,
Toll,$2.15,9/23/2020,6:58:33,PM,vTollTransaction,3,EastEndCrossing,-,NB,,825ZYS,
Toll,$2.15,9/23/2020,3:28:45,PM,LocalTransaction,2,KennedyBridge,-,SB,6712755,,
Toll,$2.15,9/15/2020,7:22:57,PM,LocalTransaction,2,LincolnBridge,-,NB-Exit0,6712755,,
Toll,$2.15,9/11/2020,9:44:42,AM,LocalTransaction,7,KennedyBridge,-,SB,6712755,,
Toll,$2.15,9/8/2020,5:56:48,PM,LocalTransaction,2,LincolnBridge,-,NB-Exit0,6712755,,
Toll,$2.15,9/3/2020,11:57:01,AM,LocalTransaction,2,EastEndCrossing,-,SB,6712755,,
Toll,$2.15,8/31/2020,10:39:23,AM,LocalTransaction,2,EastEndCrossing,-,SB,6712755,,
Toll,$2.15,8/6/2020,12:50:32,PM,LocalTransaction,2,LincolnBridge,-,NB-Exit0,6712755,,
Toll,$2.15,7/29/2020,3:30:18,PM,LocalTransaction,2,LincolnBridge,-,NB-Exit0,6712755,,
Toll,$2.15,7/29/2020,12:39:16,PM,LocalTransaction,2,LincolnBridge,-,NB-Exit0,6712755,,
Toll,$2.15,7/17/2020,3:15:07,PM,LocalTransaction,2,EastEndCrossing,-,NB,6712755,,
Toll,$2.15,7/17/2020,2:14:32,PM,LocalTransaction,7,KennedyBridge,-,SB,6712755,,
Toll,$2.15,7/10/2020,3:50:54,PM,LocalTransaction,3,EastEndCrossing,-,NB,6712755,,
Toll,$2.15,7/6/2020,3:12:51,PM,LocalTransaction,4,LincolnBridge,-,NB,6712755,,
Toll,$2.10,6/26/2020,3:59:01,PM,LocalTransaction,6,LincolnBridge,-,NB,6712755,,
Toll,$2.10,6/26/2020,3:39:11,PM,LocalTransaction,2,KennedyBridge,-,SB,6712755,,
Toll,$2.10,6/26/2020,1:54:14,PM,LocalTransaction,2,LincolnBridge,-,NB-Exit0,6712755,,
Toll,$2.10,6/26/2020,1:35:06,PM,LocalTransaction,7,KennedyBridge,-,SB,6712755,,
Toll,$2.10,6/22/2020,6:43:07,PM,LocalTransaction,2,EastEndCrossing,-,NB,6712755,,
Toll,$2.10,6/22/2020,5:12:15,PM,LocalTransaction,7,KennedyBridge,-,SB,6712755,,
Toll,$2.10,6/19/2020,4:04:41,PM,LocalTransaction,2,LincolnBridge,-,NB,6712755,,
Toll,$2.10,6/19/2020,2:30:43,PM,LocalTransaction,2,KennedyBridge,-,SB,6712755,,
Toll,$2.10,6/12/2020,2:05:04,PM,LocalTransaction,3,LincolnBridge,-,NB-Exit0,6712755,,
Toll,$2.10,6/5/2020,1:52:40,PM,LocalTransaction,3,LincolnBridge,-,NB,6712755,,
Toll,$2.10,6/5/2020,1:35:28,PM,LocalTransaction,2,KennedyBridge,-,SB,6712755,,
Toll,$2.10,6/3/2020,6:19:41,PM,LocalTransaction,2,LincolnBridge,-,NB-Exit0,6712755,,
Toll,$2.10,6/3/2020,5:05:22,PM,LocalTransaction,2,EastEndCrossing,-,SB,6712755,,
Toll,$2.10,5/30/2020,4:17:16,PM,LocalTransaction,4,LincolnBridge,-,NB,6712755,,
Toll,$2.10,5/18/2020,2:30:08,PM,LocalTransaction,6,LincolnBridge,-,NB,6712755,,
Toll,$2.10,4/13/2020,2:27:38,PM,LocalTransaction,2,LincolnBridge,-,NB-Exit0,6712755,,
Toll,$2.10,4/13/2020,10:32:13,AM,LocalTransaction,5,KennedyBridge,-,SB,6712755,,
Toll,$2.10,4/10/2020,3:10:08,PM,LocalTransaction,2,EastEndCrossing,-,NB,6712755,,
Toll,$2.10,3/18/2020,3:55:15,PM,LocalTransaction,4,LincolnBridge,-,NB,6712755,,
Toll,$2.10,3/18/2020,1:06:46,PM,LocalTransaction,2,KennedyBridge,-,SB,6712755,,
Toll,$2.10,3/12/2020,2:38:59,AM,LocalTransaction,4,LincolnBridge,-,NB,6665380,,
Toll,$2.10,3/4/2020,3:49:02,PM,LocalTransaction,3,EastEndCrossing,-,NB,6712755,,
Toll,$2.10,2/27/2020,6:12:46,PM,LocalTransaction,7,KennedyBridge,-,SB,6712755,,
Toll,$2.10,2/23/2020,2:30:50,PM,LocalTransaction,2,LincolnBridge,-,NB-Exit0,6665380,,
Tll,$2.10,2/23/2020,1:12:50,PM,LocalTransaction,6,KennedyBridge,-,SB,6665380,,
Toll,$2.10,2/19/2020,3:10:45,PM,vTollTransaction,3,EastEndCrossing,-,NB,,825ZYS,
Toll,$2.10,2/12/2020,5:07:11,PM,LocalTransaction,3,LincolnBridge,-,NB,6712755,,
Toll,$2.10,2/12/2020,1:08:25,PM,LocalTransaction,6,KennedyBridge,-,SB,6712755,,
Toll,$2.10,2/5/2020,5:51:36,PM,LocalTransaction,2,LincolnBridge,-,NB-Exit0,6712755,,
Toll,$2.10,2/5/2020,3:56:42,PM,LocalTransaction,6,KennedyBridge,-,SB,6712755,,
Toll,$2.10,1/28/2020,3:12:56,PM,vTollTransaction,3,EastEndCrossing,-,NB,,825ZYS,
Toll,$2.10,1/26/2020,2:52:48,PM,vTollTransaction,3,EastEndCrossing,-,NB,,825ZYS,
Toll,$2.10,1/25/2020,2:17:51,PM,LocalTransaction,2,LincolnBridge,-,NB,6712755,,
Toll,$2.10,1/25/2020,8:53:56,AM,LocalTransaction,7,KennedyBridge,-,SB,6712755,,
Toll,$2.10,1/16/2020,2:23:54,PM,LocalTransaction,3,EastEndCrossing,-,SB,6712755,,
Toll,$2.10,1/11/2020,3:05:44,PM,LocalTransaction,2,KennedyBridge,-,SB,6712755,,
Toll,$2.10,1/11/2020,2:26:32,PM,LocalTransaction,2,LincolnBridge,-,NB-Exit0,6712755,,
Toll,$2.10,1/11/2020,12:11:06,PM,LocalTransaction,2,KennedyBridge,-,SB,6712755,,
Toll,$2.10,1/9/2020,4:25:42,PM,LocalTransaction,2,LincolnBridge,-,NB,6712755,,
Toll,$2.10,1/9/2020,9:57:16,AM,LocalTransaction,2,KennedyBridge,-,SB,6712755,,
Toll,$2.10,1/8/2020,2:42:04,PM,LocalTransaction,2,LincolnBridge,-,NB-Exit0,6712755,,
Toll,$2.10,1/8/2020,1:03:05,PM,LocalTransaction,4,KennedyBridge,-,SB,6712755,,
Toll,$2.10,1/7/2020,5:33:19,PM,LocalTransaction,2,LincolnBridge,-,NB,6712755,,
Toll,$2.10,1/7/2020,2:53:55,PM,LocalTransaction,7,KennedyBridge,-,SB,6712755,,
Toll,$2.10,1/3/2020,4:56:24,PM,LocalTransaction,2,LincolnBridge,-,NB-Exit0,6712755,,
Toll,$2.10,1/2/2020,3:40:15,PM,LocalTransaction,3,LincolnBridge,-,NB,6665380,,
Toll,$2.10,1/2/2020,2:37:44,PM,LocalTransaction,3,KennedyBridge,-,SB,6665380,,
Toll,$2.10,1/2/2020,12:21:50,PM,LocalTransaction,2,LincolnBridge,-,NB-Exit0,6712755,,
Toll,$2.10,1/2/2020,11:12:02,AM,LocalTransaction,7,KennedyBridge,-,SB,6712755,,
Toll,$2.10,12/23/2019,12:14:51,PM,vTollTransaction,6,LincolnBridge,-,NB,,825ZYS,
Toll,$2.10,12/23/2019,11:55:41,AM,LocalTransaction,2,KennedyBridge,-,SB,6712755,,
Toll,$2.10,12/21/2019,5:38:02,PM,LocalTransaction,3,EastEndCrossing,-,NB,6712755,,
Toll,$2.10,12/21/2019,3:40:45,PM,LocalTransaction,3,EastEndCrossing,-,SB,6712755,,
Toll,$2.10,12/18/2019,4:05:01,PM,LocalTransaction,2,LincolnBridge,-,NB-Exit0,6712755,,
Toll,$2.10,12/16/2019,3:07:04,PM,LocalTransaction,2,LincolnBridge,-,NB-Exit0,6712755,,
Toll,$2.10,12/7/2019,2:38:54,PM,LocalTransaction,4,LincolnBridge,-,NB,6665380,,
Toll,$2.10,12/5/2019,8:49:39,PM,LocalTransaction,2,LincolnBridge,-,NB,6712755,,
Toll,$2.10,12/5/2019,6:33:24,PM,LocalTransaction,6,KennedyBridge,-,SB,6712755,,
Toll,$2.10,11/29/2019,5:10:14,PM,LocalTransaction,2,LincolnBridge,-,NB-Exit0,6712755,,
Toll,$2.10,11/26/2019,5:28:49,PM,LocalTransaction,2,LincolnBridge,-,NB-Exit0,6712755,,
Toll,$2.10,11/26/2019,12:11:46,PM,LocalTransaction,3,EastEndCrossing,-,SB,6712755,,
Toll,$2.10,11/22/2019,4:35:43,PM,LocalTransaction,3,LincolnBridge,-,NB,6712755,,
Toll,$2.10,11/22/2019,3:08:19,PM,LocalTransaction,4,KennedyBridge,-,SB,6712755,,
Toll,$2.10,11/14/2019,8:29:02,PM,LocalTransaction,3,LincolnBridge,-,NB,6712755,,
Toll,$2.10,11/14/2019,5:30:10,PM,LocalTransaction,3,EastEndCrossing,-,SB,6712755,,
Toll,$2.10,11/6/2019,9:22:59,PM,LocalTransaction,2,LincolnBridge,-,NB,6712755,,
Toll,$2.10,11/6/2019,3:18:29,PM,LocalTransaction,3,EastEndCrossing,-,NB,6712755,,
Toll,$2.10,11/4/2019,3:23:23,PM,LocalTransaction,5,LincolnBridge,-,NB,6712755,,
Toll,$2.10,11/4/2019,10:39:54,AM,LocalTransaction,3,KennedyBridge,-,SB,6712755,,
Toll,$2.10,10/23/2019,4:36:36,PM,LocalTransaction,5,LincolnBridge,-,NB,6712755,,
Toll,$2.10,10/23/2019,12:16:23,PM,LocalTransaction,2,KennedyBridge,-,SB,6712755,,
Toll,$2.10,10/22/2019,3:42:27,PM,vTollTransaction,3,EastEndCrossing,-,NB,,825ZYS,
Toll,$2.10,10/22/2019,10:17:13,AM,LocalTransaction,3,EastEndCrossing,-,SB,6712755,,
